Date,Visitor,Home,Tot Pts_overall_offense_diff,Pts/G_overall_offense_diff,RushYds_overall_offense_diff,RYds/G_overall_offense_diff,PassYds_overall_offense_diff,PYds/G_overall_offense_diff,TotYds_overall_offense_diff,Yds/G_overall_offense_diff,Tot Pts_overall_defense_diff,Pts/G_overall_defense_diff,RushYds_overall_defense_diff,RYds/G_overall_defense_diff,PassYds_overall_defense_diff,PYds/G_overall_defense_diff,TotYds_overall_defense_diff,Yds/G_overall_defense_diff,Att_passing_offense_diff,Cmp_passing_offense_diff,Pct_passing_offense_diff,Yds_passing_offense_diff,YPA_passing_offense_diff,TD_passing_offense_diff,Int_passing_offense_diff,Sack_passing_offense_diff,Loss_passing_offense_diff,Rate_passing_offense_diff,NetYds_passing_offense_diff,Yds/G_passing_offense_diff,Att_passing_defense_diff,Cmp_passing_defense_diff,Pct_passing_defense_diff,Yds_passing_defense_diff,YPA_passing_defense_diff,TD_passing_defense_diff,Int_passing_defense_diff,Sack_passing_defense_diff,Loss_passing_defense_diff,Rate_passing_defense_diff,NetYds_passing_defense_diff,Yds/G_passing_defense_diff,Att_rushing_offense_diff,Yds_rushing_offense_diff,Avg_rushing_offense_diff,TD_rushing_offense_diff,FD_rushing_offense_diff,2PT_rushing_offense_diff,Yds/G_rushing_offense_diff,Att_rushing_defense_diff,Yds_rushing_defense_diff,Avg_rushing_defense_diff,TD_rushing_defense_diff,FD_rushing_defense_diff,2PT_rushing_defense_diff,Yds/G_rushing_defense_diff,Rush_downs_offense_diff,Pass_downs_offense_diff,Pen_downs_offense_diff,Tot_downs_offense_diff,3Att_downs_offense_diff,3Made_downs_offense_diff,3Pct_downs_offense_diff,4Att_downs_offense_diff,4Made_downs_offense_diff,4Pct_downs_offense_diff,Rush_downs_defense_diff,Pass_downs_defense_diff,Pen_downs_defense_diff,Tot_downs_defense_diff,3Att_downs_defense_diff,3Made_downs_defense_diff,3Pct_downs_defense_diff,4Att_downs_defense_diff,4Made_downs_defense_diff,4Pct_downs_defense_diff,Num_kickoff_offense_diff,Yds_kickoff_offense_diff,Avg_kickoff_offense_diff,Lg_kickoff_offense_diff,TD_kickoff_offense_diff,Yds/G_kickoff_offense_diff,Num_kickoff_defense_diff,Yds_kickoff_defense_diff,Avg_kickoff_defense_diff,Lg_kickoff_defense_diff,TD_kickoff_defense_diff,Yds/G_kickoff_defense_diff,Num_punt_offense_diff,Yds_punt_offense_diff,Avg_punt_offense_diff,FC_punt_offense_diff,Lg_punt_offense_diff,TD_punt_offense_diff,Yds/G_punt_offense_diff,Num_punt_defense_diff,Yds_punt_defense_diff,Avg_punt_defense_diff,FC_punt_defense_diff,Lg_punt_defense_diff,TD_punt_defense_diff,Yds/G_punt_defense_diff,Punts_punting_offense_diff,Yds_punting_offense_diff,Avg_punting_offense_diff,Lg_punting_offense_diff,TB_punting_offense_diff,In20_punting_offense_diff,Blk_punting_offense_diff,Net_punting_offense_diff,Punts_punting_defense_diff,Yds_punting_defense_diff,Avg_punting_defense_diff,Lg_punting_defense_diff,TB_punting_defense_diff,In20_punting_defense_diff,Blk_punting_defense_diff,Net_punting_defense_diff,Tot_scoring_offense_diff,R_scoring_offense_diff,P_scoring_offense_diff,KR_scoring_offense_diff,PR_scoring_offense_diff,IR_scoring_offense_diff,FR_scoring_offense_diff,BK_scoring_offense_diff,BP_scoring_offense_diff,FGR_scoring_offense_diff,PAT_scoring_offense_diff,FG_scoring_offense_diff,Conv_scoring_offense_diff,Saf_scoring_offense_diff,Pts_scoring_offense_diff,Tot_scoring_defense_diff,R_scoring_defense_diff,P_scoring_defense_diff,KR_scoring_defense_diff,PR_scoring_defense_diff,IR_scoring_defense_diff,FR_scoring_defense_diff,BK_scoring_defense_diff,BP_scoring_defense_diff,FGR_scoring_defense_diff,PAT_scoring_defense_diff,FG_scoring_defense_diff,Conv_scoring_defense_diff,Saf_scoring_defense_diff,Pts_scoring_defense_diff
11/27/2025,Green Bay Packers,Detroit Lions,63,5.700000000000003,0.2570000000000001,23.30000000000001,0.17799999999999994,16.099999999999994,0.43500000000000005,39.60000000000002,41,3.700000000000003,0.05800000000000005,5.200000000000003,0.31099999999999994,28.19999999999999,0.3690000000000002,33.60000000000002,21,18,1.0,0.19899999999999984,0.10999999999999943,8,2,6,21,5.799999999999997,0.17799999999999994,16.099999999999994,-18,-29,-4.899999999999999,0.34399999999999986,1.29,8,3,3,33,5.599999999999994,0.31099999999999994,28.19999999999999,-19,0.2570000000000001,1.1100000000000003,1,-7,1,23.30000000000001,17,0.05800000000000005,-0.03000000000000025,0,-3,0,5.200000000000003,-7,12,-11,-6,-1,-18,-12.799999999999997,9,4,-7.799999999999997,-3,10,5,12,-5,-2,-0.19999999999999574,-4,-4,-8.299999999999997,8,-883.889,0.5500000000000007,8,0,20.5,9,0.268,0.7399999999999984,11,0,24.400000000000006,-4,9,1.5899999999999999,9,45,1,0.8000000000000007,0,-43,-2.5299999999999994,11,-3,0,-3.9000000000000004,6,0.11499999999999999,-4.579999999999998,1,-5,10,0,0.11999999999999744,6,0.21999999999999997,-1.5400000000000063,-1,-2,9,0,-0.10000000000000142,10,1,8,0,1,0,0,0,0,0,0.05586080586080577,0.03947368421052633,-1,1,63,8,0,8,0,0,0,0,0,0,0,0.07111111111111112,0.11931818181818177,-2,0,41
11/27/2025,Kansas City Chiefs,Dallas Cowboys,43,3.900000000000002,0.02400000000000002,2.200000000000003,0.10000000000000009,9.100000000000023,0.12399999999999967,11.300000000000011,113,10.2,0.30299999999999994,27.60000000000001,0.6259999999999999,56.900000000000006,0.9290000000000003,84.5,0,20,4.8999999999999915,0.06300000000000017,0.16000000000000014,6,1,-7,-37,8.600000000000009,0.10000000000000009,9.100000000000023,61,37,-1.4000000000000057,0.734,0.7999999999999998,13,-1,3,108,14.099999999999994,0.6259999999999999,56.900000000000006,-11,0.02400000000000002,0.2400000000000002,-2,-16,0,2.200000000000003,40,0.30299999999999994,0.45999999999999996,3,27,0,27.60000000000001,-16,6,9,-1,-13,-4,1.1000000000000014,-6,-10,-31.199999999999996,27,37,3,67,14,17,8.0,-3,3,26.5,5,0.05300000000000016,-1.6799999999999997,-2,0,4.799999999999997,0,-0.028999999999999915,-0.6199999999999974,6,0,-2.700000000000003,-10,-68,0.3100000000000005,4,-6,0,-6.1,7,-26,-6.34,3,-49,0,-2.3999999999999986,5,0.25,0.3999999999999986,-7,0,1,0,2.240000000000002,-2,-0.11299999999999999,-0.47000000000000597,-6,1,-9,1,-0.5900000000000034,6,-2,6,0,0,1,0,0,1,0,0.11507936507936511,0.029761904761904767,-1,1,43,15,3,13,0,0,-1,0,0,0,0,0.015151515151515138,0.006191950464396245,2,1,113
11/27/2025,Cincinnati Bengals,Baltimore Ravens,27,2.5,-932.482,53.099999999999994,-0.5009999999999999,-45.599999999999994,0.08299999999999974,7.5,-99,-9.000000000000004,-0.42300000000000004,-38.5,-0.3280000000000003,-29.80000000000001,-0.7509999999999999,-68.30000000000001,-126,-65,4.700000000000003,-0.44399999999999995,1.2299999999999995,-5,-5,7,57,12.700000000000003,-0.5009999999999999,-45.599999999999994,17,-3,-3.6999999999999957,-0.28200000000000003,-1.0700000000000003,-10,-2,3,46,-14.5,-0.3280000000000003,-29.80000000000001,94,-932.482,0.5699999999999994,8,23,0,53.099999999999994,-48,-0.42300000000000004,-0.6199999999999992,-1,-19,-1,-38.5,23,-26,-7,-10,-6,-4,-1.1999999999999957,7,2,-17.1,-19,-21,-3,-43,8,-14,-12.100000000000001,12,6,-6.599999999999994,-6,-0.133,0.40000000000000213,-55,-1,-12.0,5,0.09000000000000008,-0.870000000000001,12,0,8.200000000000003,1,65,4.6,-9,12,0,5.899999999999999,-8,-138,-3.2700000000000005,-2,6,0,-12.599999999999998,-8,-0.44999999999999996,-0.8399999999999963,4,-5,2,0,3.4200000000000017,2,0.08599999999999985,-0.21000000000000085,-4,-1,-4,1,-2.3500000000000014,2,8,-5,-1,0,-1,1,0,0,0,-0.0357142857142857,0.06666666666666665,-1,0,27,-15,-1,-10,0,0,-2,-2,0,0,0,0.025000000000000022,-0.08333333333333337,-2,-1,-99
11/28/2025,Chicago Bears,Philadelphia Eagles,-34,-3.1000000000000014,-0.34999999999999987,-31.80000000000001,-0.3759999999999999,-34.20000000000002,-0.726,-66.0,-67,-6.0,-0.2529999999999999,-23.0,0.0030000000000001137,0.30000000000001137,-0.25,-22.69999999999999,-58,-10,7.900000000000006,-0.3330000000000002,0.2699999999999996,0,-3,10,43,13.799999999999997,-0.3759999999999999,-34.20000000000002,37,-17,-11.200000000000003,-0.005999999999999783,-0.7699999999999996,-11,-9,-1,-9,-12.5,0.0030000000000001137,0.30000000000001137,-17,-0.34999999999999987,-0.8700000000000001,-1,-17,0,-31.80000000000001,3,-0.2529999999999999,-0.8999999999999995,1,-1,0,-23.0,-17,-19,1,-35,-11,-15,-7.600000000000001,2,4,18.0,-1,-8,1,-8,25,15,4.200000000000003,2,-3,-20.0,-6,980.751,-2.6400000000000006,-15,0,-24.200000000000003,-5,-0.31699999999999995,-4.059999999999999,-60,-1,-28.799999999999997,-4,-38,0.25,8,-4,0,-3.4000000000000004,8,51,-2.25,6,3,0,4.600000000000001,12,0.6729999999999998,1.8299999999999983,1,0,3,0,2.9099999999999966,5,0.254,0.7000000000000028,7,2,8,1,0.28000000000000114,1,-1,0,0,0,0,0,1,1,0,0.0,-0.04761904761904767,0,0,-34,-12,1,-11,-1,0,0,-1,0,0,0,-0.09090909090909094,0.05769230769230771,-2,1,-67
11/30/2025,Jacksonville Jaguars,Tennessee Titans,-100,-9.100000000000001,851.591,-50.599999999999994,-0.36299999999999977,-33.0,-0.919,-83.49999999999997,53,4.800000000000001,-920.539,49.000000000000014,-0.2230000000000003,-20.30000000000001,0.3160000000000003,28.69999999999999,6,2,-0.3999999999999986,-0.19700000000000006,-0.6299999999999999,-7,-5,16,166,-3.700000000000003,-0.36299999999999977,-33.0,-85,-30,7.1000000000000085,-0.1849999999999996,1.1499999999999995,-5,-8,6,38,16.89999999999999,-0.2230000000000003,-20.30000000000001,-101,851.591,-0.5200000000000005,-10,-42,0,-50.599999999999994,67,-920.539,0.9099999999999997,9,26,0,49.000000000000014,-42,-6,-10,-58,6,-7,-6.200000000000003,-3,-4,-10.699999999999996,26,-24,-8,-6,-8,-6,-2.0,-2,3,27.60000000000001,14,-964.713,-1.0899999999999999,17,0,29.200000000000003,-12,698.915,-2.120000000000001,-15,0,-34.99999999999999,-5,-23,4.829999999999998,10,3,0,-2.1000000000000014,11,189,5.290000000000001,9,9,0,17.1,14,0.6180000000000001,-0.8500000000000014,3,-1,1,0,-3.039999999999999,-2,-0.16500000000000004,-1.7100000000000009,-4,2,-3,0,-2.509999999999998,-16,-10,-7,0,0,0,1,0,0,0,-0.030952380952380953,-0.010489510489510523,0,0,-100,4,9,-5,0,0,1,-1,0,0,0,0.010588235294117676,0.051948051948051965,-2,0,53
11/30/2025,Houston Texans,Indianapolis Colts,98,8.899999999999999,0.34299999999999997,31.200000000000017,0.32399999999999984,29.5,0.6670000000000003,60.60000000000002,47,4.300000000000001,0.05699999999999994,5.200000000000003,0.8059999999999998,73.30000000000001,0.863,78.39999999999998,-37,-6,5.0,0.26800000000000024,1.4499999999999993,1,1,-4,-56,10.599999999999994,0.32399999999999984,29.5,74,65,5.100000000000001,0.7519999999999998,0.6899999999999995,6,-1,0,-54,13.700000000000003,0.8059999999999998,73.30000000000001,8,0.34299999999999997,1.0599999999999996,17,32,1,31.200000000000017,18,0.05699999999999994,-0.05999999999999961,0,24,0,5.200000000000003,32,14,-7,39,-23,1,7.100000000000001,4,6,16.299999999999997,24,41,4,69,-1,12,8.899999999999999,8,4,-3.299999999999997,10,-800.783,3.9200000000000017,43,0,37.69999999999999,14,0.2330000000000001,-2.5,-59,-1,21.200000000000017,-10,-97,0.40000000000000036,-2,-29,0,-8.9,-13,-216,-6.7299999999999995,3,-58,-1,-19.599999999999998,-23,-1.08,1.3599999999999994,-14,-4,-5,0,6.239999999999995,-22,-1.1189999999999998,-1.7399999999999949,-8,-2,-1,0,-2.3500000000000014,17,17,1,0,0,1,-2,0,0,0,-0.06060606060606055,0.01041666666666663,1,0,98,4,0,6,-1,-1,0,0,0,0,0,0.05882352941176472,0.1411483253588517,1,0,47
11/30/2025,New Orleans Saints,Miami Dolphins,61,5.5,0.2340000000000002,21.299999999999997,-0.19499999999999984,-17.80000000000001,0.0389999999999997,3.599999999999966,-5,-0.3999999999999986,0.20999999999999996,19.099999999999994,0.16100000000000003,14.699999999999989,0.371,33.69999999999999,-58,-31,2.200000000000003,-0.21799999999999997,0.4500000000000002,6,4,-5,-23,4.599999999999994,-0.19499999999999984,-17.80000000000001,10,21,4.5,0.14000000000000012,0.20999999999999996,-2,-3,-3,-21,6.0,0.16100000000000003,14.699999999999989,-17,0.2340000000000002,1.1299999999999994,4,-1,0,21.299999999999997,-25,0.20999999999999996,0.98,1,-5,0,19.099999999999994,-1,6,-15,-10,-18,-7,-0.10000000000000142,-7,0,14.0,-5,3,6,4,6,9,5.0,3,4,12.200000000000003,3,0.119,0.9399999999999977,-21,0,10.799999999999997,11,-898.87,-1.8399999999999999,30,1,20.900000000000006,0,79,5.27,-7,34,1,7.1,-3,-120,-5.88,3,-77,-1,-11.0,-3,0.04300000000000015,5.140000000000001,3,-1,2,-1,9.630000000000003,-2,0.05800000000000005,4.659999999999997,5,3,-2,0,0.03999999999999915,9,4,6,0,1,-1,-1,0,0,0,-0.04166666666666663,0.20242914979757087,1,0,61,-1,1,-2,1,-1,0,0,0,0,0,-0.005108556832694733,0.005928853754940677,0,0,-5
11/30/2025,Atlanta Falcons,New York Jets,0,0.0,0.17399999999999993,15.800000000000011,-0.704,-64.0,-0.5299999999999998,-48.19999999999999,42,3.8999999999999986,-0.05699999999999994,-5.199999999999989,0.03699999999999992,3.299999999999983,-0.020000000000000018,-1.8999999999999773,-48,-25,1.3999999999999986,-0.567,-0.7799999999999994,1,1,22,137,-1.4000000000000057,-0.704,-64.0,-3,-7,-1.499999999999993,-0.07699999999999996,-0.16999999999999993,1,-9,-20,-114,10.600000000000009,0.03699999999999992,3.299999999999983,10,0.17399999999999993,0.41999999999999993,-5,11,1,15.800000000000011,14,-0.05699999999999994,-0.35999999999999943,4,-12,0,-5.199999999999989,11,-25,-6,-20,12,9,3.5,3,1,-1.8999999999999986,-12,5,13,6,4,-2,-2.5,-11,-4,18.60000000000001,8,0.554,6.360000000000003,54,1,50.400000000000006,0,-0.07100000000000017,-1.870000000000001,-30,0,-6.5,14,239,4.930000000000001,-4,57,1,21.7,-9,-74,-0.5300000000000002,7,-39,0,-6.700000000000001,2,0.17099999999999982,1.8099999999999952,3,3,-1,0,2.3100000000000023,14,0.7559999999999998,2.0700000000000003,12,2,-2,0,-2.6400000000000006,-1,-5,1,1,1,0,0,1,0,0,0.04761904761904767,0.17391304347826086,3,1,0,4,4,1,0,0,-1,0,0,0,0,0.058651026392961936,0.08592592592592596,-2,0,42
11/30/2025,Arizona Cardinals,Tampa Bay Buccaneers,11,1.0,0.11099999999999999,10.100000000000009,-0.2570000000000001,-23.299999999999983,-0.1459999999999999,-13.300000000000011,1,0.10000000000000142,-0.18199999999999994,-16.60000000000001,0.22799999999999976,20.69999999999999,0.04600000000000026,4.199999999999989,-51,-53,-5.0,-0.379,-0.10000000000000053,1,-1,-16,-122,-1.5,-0.2570000000000001,-23.299999999999983,2,8,1.7999999999999972,0.2769999999999997,0.7000000000000002,3,1,5,49,5.900000000000006,0.22799999999999976,20.69999999999999,32,0.11099999999999999,-0.08999999999999986,0,10,0,10.100000000000009,-30,-0.18199999999999994,-0.20000000000000018,1,-24,0,-16.60000000000001,10,-29,3,-16,-7,-9,-4.0,3,1,-1.6999999999999957,-24,-3,-4,-31,11,8,2.8999999999999986,7,4,4.599999999999994,-7,-0.18999999999999995,-0.35999999999999943,-4,0,-17.299999999999997,6,0.16199999999999992,-0.129999999999999,-37,0,14.799999999999997,5,55,-0.7699999999999996,6,14,0,5.0,-2,-14,0.40000000000000036,1,10,0,-1.3000000000000007,4,0.04600000000000004,-3.3799999999999955,-3,1,2,1,-3.710000000000001,8,0.28500000000000014,-3.1700000000000017,2,-2,3,0,-1.6400000000000006,1,0,1,0,0,2,-2,0,0,0,-0.045454545454545414,0.023809523809523836,0,0,11,3,1,3,0,0,1,-3,1,0,0,0.1071428571428571,-0.04678362573099415,0,0,1
11/30/2025,Los Angeles Rams,Carolina Panthers,-90,-9.8,0.2570000000000001,12.200000000000003,-0.512,-63.400000000000006,-0.25500000000000034,-51.19999999999999,90,6.099999999999998,0.2610000000000001,13.200000000000003,0.24099999999999966,2.6999999999999886,0.5019999999999998,15.900000000000034,6,-8,-3.0999999999999943,-0.40600000000000014,-1.1900000000000004,-14,8,13,106,-29.0,-0.512,-63.400000000000006,-27,-12,1.4000000000000057,0.14100000000000001,0.8300000000000001,1,-2,-15,-100,7.700000000000003,0.24099999999999966,2.6999999999999886,41,0.2570000000000001,0.2599999999999998,-1,6,0,12.200000000000003,33,0.2610000000000001,0.41000000000000014,10,7,0,13.200000000000003,6,-18,-3,-15,24,5,-2.8999999999999986,8,5,-1.7000000000000028,7,6,-10,3,-1,13,9.0,-15,-4,18.400000000000006,10,242.0,-0.05000000000000071,13,0,14.400000000000006,13,354.0,2.669999999999998,5,0,25.500000000000007,-2,-41,-1.4799999999999995,-2,-5,0,-4.5,7,80,-0.879999999999999,0,52,1,5.0,6,0.3639999999999999,2.1600000000000037,0,1,0,0,0.6899999999999977,-1,-0.009000000000000119,1.0200000000000031,-2,-2,4,0,3.020000000000003,-15,-1,-14,0,0,0,0,0,0,0,-0.08097165991902844,0.11229946524064172,1,0,-90,12,10,1,0,1,0,1,-1,0,0,0.033333333333333326,-0.035196687370600444,0,0,90
11/30/2025,San Francisco 49ers,Cleveland Browns,-95,-6.5,-0.1459999999999999,-4.299999999999997,-1.194,-85.9,-1.3399999999999999,-90.10000000000002,-17,0.3999999999999986,-0.08600000000000008,1.3999999999999915,-1.023,-71.10000000000002,-1.109,-69.69999999999999,-40,-74,-12.199999999999996,-1.1219999999999999,-2.17,-11,-3,11,72,-25.099999999999994,-1.194,-85.9,-121,-96,-3.9000000000000057,-0.8270000000000004,0.0699999999999994,-5,4,29,196,-9.099999999999994,-1.023,-71.10000000000002,-59,-0.1459999999999999,0.2400000000000002,-1,-17,0,-4.299999999999997,4,-0.08600000000000008,-0.35000000000000053,-3,-20,0,1.3999999999999915,-17,-77,9,-85,6,-21,-15.2,4,1,-6.399999999999999,-20,-43,-3,-66,8,-4,-4.899999999999999,-2,-3,-16.700000000000003,10,0.0970000000000002,-4.010000000000002,-64,0,16.5,-15,-0.30700000000000016,2.1199999999999974,45,1,-17.60000000000001,3,19,-0.5699999999999985,10,17,0,3.0999999999999996,10,108,-1.4000000000000004,0,-13,1,11.7,30,1.391,0.740000000000002,12,8,3,1,-0.23000000000000398,9,0.4650000000000003,0.5700000000000003,16,-2,0,0,2.289999999999999,-10,-1,-11,0,0,2,0,0,0,0,0.10121457489878538,-0.08382066276803124,-2,0,-95,-5,-3,-5,1,1,0,1,0,0,0,0.038461538461538436,0.16666666666666674,0,0,-17
11/30/2025,Minnesota Vikings,Seattle Seahawks,100,9.100000000000001,0.15100000000000002,13.700000000000003,0.7510000000000001,68.30000000000001,0.9020000000000001,82.0,-38,-3.5,997.584,-37.89999999999999,0.2649999999999997,24.099999999999994,-0.15200000000000014,-13.800000000000011,-35,7,9.300000000000004,0.581,2.6899999999999995,6,-4,-28,-170,30.400000000000006,0.7510000000000001,68.30000000000001,107,61,-2.200000000000003,0.3460000000000001,-1.0499999999999998,2,6,9,81,-13.5,0.2649999999999997,24.099999999999994,85,0.15100000000000002,-0.75,5,16,0,13.700000000000003,-86,997.584,-0.27,-3,-44,0,-37.89999999999999,16,18,5,39,-5,9,8.400000000000002,-7,-3,9.200000000000003,-44,36,6,-2,8,0,-1.8999999999999986,20,10,-14.600000000000001,-15,918.709,0.46999999999999886,-1,0,-33.80000000000001,9,0.05800000000000005,-3.330000000000002,-23,0,5.300000000000011,-6,20,3.889999999999999,7,52,1,1.8000000000000007,-2,96,7.0600000000000005,-10,68,1,8.7,-12,-0.554,0.9400000000000048,-17,1,-5,0,-3.960000000000001,0,-0.013000000000000345,-0.269999999999996,-6,0,3,1,-1.480000000000004,13,5,6,0,1,-1,1,0,0,0,0.0,-0.0854572713643178,-2,0,100,-1,-3,2,0,1,-2,1,0,0,0,-0.050000000000000044,0.0035842293906810374,2,0,-38
11/30/2025,Las Vegas Raiders,Los Angeles Chargers,81,7.399999999999999,-872.727,36.2,0.4630000000000001,42.0,0.8619999999999997,78.40000000000003,-39,-3.599999999999998,0.11499999999999999,10.399999999999991,-0.5059999999999998,-46.0,-0.391,-35.5,32,19,-0.5999999999999943,0.3969999999999998,0.46999999999999975,6,-4,-4,-66,11.200000000000003,0.4630000000000001,42.0,-25,-38,-6.600000000000001,-0.4660000000000002,-0.8800000000000008,-7,3,9,40,-19.5,-0.5059999999999998,-46.0,33,-872.727,1.0099999999999998,1,29,1,36.2,-46,0.11499999999999999,1.0700000000000003,0,0,0,10.399999999999991,29,11,-1,39,14,20,9.599999999999994,-5,1,22.199999999999996,0,-19,3,-16,-12,-15,-7.600000000000001,6,2,-11.400000000000006,-2,-0.16000000000000014,-2.4899999999999984,-14,0,-14.5,11,-956.658,1.8000000000000007,12,0,34.900000000000006,-2,-18,-0.25,5,8,0,-1.5999999999999996,-6,-53,2.289999999999999,2,-23,0,-4.800000000000001,-10,-0.4189999999999998,1.6200000000000045,-4,-2,-1,-2,3.8000000000000043,-8,-0.23499999999999988,3.030000000000001,7,-2,2,0,3.719999999999999,7,1,6,0,0,0,0,0,0,0,0.0714285714285714,0.16402116402116407,0,1,81,-6,0,-7,0,0,1,0,0,0,0,-0.08695652173913049,0.006493506493506551,1,-1,-39
11/30/2025,Buffalo Bills,Pittsburgh Steelers,-37,-3.400000000000002,-0.5509999999999999,-50.099999999999994,-0.43500000000000005,-39.5,-0.9860000000000002,-89.60000000000002,11,1.0,-0.47499999999999987,-43.2,0.996,90.5,0.5210000000000004,47.39999999999998,5,-1,-1.4000000000000057,-0.484,-1.5600000000000005,3,-1,-7,-49,-3.5,-0.43500000000000005,-39.5,130,94,3.500000000000007,1.0429999999999997,0.41000000000000014,7,2,8,47,6.8999999999999915,0.996,90.5,-60,-0.5509999999999999,-0.9500000000000002,-13,-13,0,-50.099999999999994,-28,-0.47499999999999987,-1.17,-9,-3,0,-43.2,-13,-29,-2,-44,-7,-7,-3.0999999999999943,-4,-3,-7.799999999999997,-3,39,2,38,25,17,4.800000000000004,13,10,3.8999999999999915,-3,-0.28300000000000014,-4.59,-60,-1,-25.799999999999997,1,-0.019000000000000128,-0.8199999999999967,-14,0,-1.700000000000017,-5,46,4.23,-2,2,0,4.1,6,41,-0.46999999999999975,-1,9,0,3.700000000000001,4,0.2450000000000001,1.75,6,2,-1,0,-0.10000000000000142,-10,-0.46699999999999986,0.39000000000000057,-6,-1,-10,0,-1.7199999999999989,-8,-13,3,-1,0,1,2,0,0,0,0.05882352941176472,-0.018716577540106916,1,0,-37,-1,-9,7,0,0,0,0,0,0,0,0.12,-0.05384615384615388,1,1,11
11/30/2025,Denver Broncos,Washington Commanders,-21,-1.8999999999999986,0.17900000000000005,16.200000000000003,-0.23499999999999988,-21.400000000000006,-0.05600000000000005,-5.100000000000023,104,9.399999999999999,-972.487,49.0,0.7000000000000002,63.69999999999999,1.2389999999999999,112.60000000000002,-80,-40,2.8999999999999986,-0.1719999999999997,1.0599999999999996,-3,-1,14,63,6.699999999999989,-0.23499999999999988,-21.400000000000006,-41,9,10.0,0.5659999999999998,2.5199999999999996,13,-1,-24,-134,33.5,0.7000000000000002,63.69999999999999,17,0.17900000000000005,0.33000000000000007,1,11,0,16.200000000000003,53,-972.487,1.08,2,31,1,49.0,11,-18,5,-2,-24,-9,0.20000000000000284,10,6,5.600000000000001,31,29,-15,45,-20,11,12.800000000000004,5,4,10.700000000000003,7,-993.64,4.060000000000002,23,0,33.099999999999994,-7,807.798,-5.510000000000002,-41,0,-35.8,-8,-142,-1.7799999999999994,-12,20,1,-12.900000000000002,-7,-182,-6.59,-9,-34,0,-16.5,-23,-1.0910000000000002,0.4399999999999977,-12,-3,-6,0,3.289999999999999,-34,-1.7000000000000002,-0.28999999999999915,-8,-6,-11,-1,-0.4099999999999966,-1,1,-3,0,1,0,0,0,0,0,0.0,-0.1657894736842105,-2,1,-21,16,2,13,0,0,1,0,0,0,0,0.1530172413793104,-0.0092592592592593,2,-1,104
2025-01-12 00:00:00,New York Giants,New England Patriots,54,4.5,-0.14500000000000002,-12.099999999999994,0.28200000000000003,23.5,0.13699999999999957,11.399999999999977,-108,-9.0,-0.8339999999999999,-69.49999999999999,-0.17200000000000015,-14.300000000000011,-1.0060000000000002,-83.80000000000001,-32,18,10.500000000000007,0.29400000000000004,1.4800000000000004,5,-2,3,12,22.30000000000001,0.28200000000000003,23.5,-27,-10,1.9000000000000057,-0.19799999999999995,-0.03000000000000025,-1,3,-1,-26,-1.7999999999999972,-0.17200000000000015,-14.300000000000011,-15,-0.14500000000000002,-0.23999999999999977,-4,-18,1,-12.099999999999994,-57,-0.8339999999999999,-1.8999999999999995,-13,-29,-1,-69.49999999999999,-18,25,-13,-6,-20,-7,0.8999999999999986,-11,-1,26.5,-29,-13,-9,-51,-7,-9,-4.5,6,-2,-32.400000000000006,-9,-0.33799999999999986,-2.1799999999999997,44,1,-28.099999999999994,3,0.07200000000000006,0.0,-10,0,6.0,-3,68,5.879999999999999,3,66,1,5.699999999999999,1,100,4.8500000000000005,-3,57,1,8.3,-5,-0.08100000000000018,3.479999999999997,4,0,1,0,0.36999999999999744,4,-0.0040000000000000036,-4.049999999999997,0,3,1,0,-6.280000000000001,5,-4,5,1,1,1,1,0,0,0,0.10952380952380947,-0.03273809523809523,1,1,54,-13,-13,-1,0,1,1,-1,0,0,0,0.0023809523809523725,0.00877192982456132,-4,0,-108
2025-04-12 00:00:00,Dallas Cowboys,Detroit Lions,6,0.5,0.21300000000000008,19.30000000000001,-0.31000000000000005,-28.200000000000017,-0.09699999999999953,-8.800000000000011,-71,-6.399999999999999,-0.258,-23.5,-0.4590000000000001,-41.80000000000001,-0.7170000000000001,-65.19999999999999,-52,-37,-0.29999999999999716,-0.26800000000000024,0.33999999999999986,0,-3,6,42,6.3999999999999915,-0.31000000000000005,-28.200000000000017,-29,-45,-7.199999999999996,-0.45299999999999985,-0.6399999999999997,-3,4,7,6,-15.0,-0.4590000000000001,-41.80000000000001,12,0.21300000000000008,0.5300000000000002,4,-1,1,19.30000000000001,-8,-0.258,-0.7600000000000002,-5,-32,0,-23.5,-1,-14,-21,-36,8,-5,-6.100000000000001,6,5,9.399999999999999,-32,-17,9,-40,-2,-19,-13.099999999999994,6,3,0.0,-5,-0.09000000000000008,0.8200000000000003,-1,0,-8.200000000000003,4,0.15599999999999992,1.0799999999999983,15,0,14.200000000000003,9,64,-0.15000000000000036,2,46,1,5.800000000000001,-4,-41,-0.29999999999999893,8,0,0,-3.700000000000001,7,0.258,-1.8599999999999994,4,0,9,0,0.0799999999999983,11,0.484,-0.9299999999999997,1,1,12,-1,-0.6899999999999977,3,4,0,0,1,-1,0,0,-1,0,-0.023504273504273532,-0.11528822055137844,0,0,6,-8,-5,-3,0,0,0,0,0,0,0,-0.00969696969696976,-0.009868421052631526,-2,-1,-71
2025-07-12 00:00:00,Washington Commanders,Minnesota Vikings,-12,-1.1000000000000014,-0.397,-36.0,-0.1260000000000001,-11.400000000000006,-0.5230000000000001,-47.599999999999966,-41,-3.6999999999999993,-0.09699999999999998,-8.800000000000011,-0.6970000000000001,-63.400000000000006,-0.7939999999999996,-72.19999999999999,29,5,-4.100000000000001,-0.03000000000000025,-0.7199999999999998,-2,8,12,96,-18.799999999999997,-0.1260000000000001,-11.400000000000006,-22,-23,-2.5999999999999943,-0.681,-1.589999999999999,-8,-2,2,16,-13.700000000000003,-0.6970000000000001,-63.400000000000006,-66,-0.397,-0.29000000000000004,-4,-19,0,-36.0,29,-0.09699999999999998,-0.6600000000000001,0,19,-1,-8.800000000000011,-19,3,-4,-20,6,-8,-7.900000000000002,-3,-2,-2.3000000000000043,19,-45,0,-26,18,1,-4.400000000000006,-5,-1,16.5,3,-0.06900000000000017,-3.120000000000001,-8,0,-6.199999999999989,10,-807.811,3.3100000000000023,25,0,34.599999999999994,8,55,-1.4399999999999995,2,-47,-1,5.0,1,94,5.029999999999999,10,11,0,8.5,11,0.544,0.22999999999999687,13,-2,0,0,-0.13000000000000256,18,0.8120000000000003,-1.5900000000000034,5,0,9,0,0.6400000000000006,-5,-4,-2,0,-1,1,1,0,0,0,0.0,0.22883295194508002,0,-1,-12,-7,0,-8,0,0,1,0,0,0,0,0.03448275862068961,-0.14247311827956988,-1,0,-41
2025-07-12 00:00:00,Miami Dolphins,New York Jets,-7,-0.6000000000000014,0.2529999999999999,23.000000000000014,-0.4600000000000002,-41.80000000000001,-0.20699999999999985,-18.899999999999977,22,2.0,-0.16199999999999992,-14.699999999999989,-0.14800000000000013,-13.5,-0.31000000000000005,-28.19999999999999,-27,-36,-5.800000000000004,-0.3520000000000001,-0.5699999999999994,-5,-8,16,108,-1.5999999999999943,-0.4600000000000002,-41.80000000000001,8,-26,-9.800000000000004,-0.14800000000000013,-0.6399999999999997,0,-3,-2,0,-7.299999999999997,-0.14800000000000013,-13.5,48,0.2529999999999999,0.08000000000000007,0,20,2,23.000000000000014,18,-0.16199999999999992,-0.75,2,-5,-2,-14.699999999999989,20,-24,3,-1,15,4,-1.1999999999999957,4,1,-4.5,-5,3,-2,-4,6,-6,-6.0,-5,-3,4.700000000000003,13,0.4910000000000001,2.5600000000000023,45,1,44.60000000000001,-5,-0.123,0.21999999999999886,-45,-1,-11.200000000000003,13,114,-2.9299999999999997,4,0,0,10.399999999999999,-1,-4,0.20999999999999996,7,-3,0,-0.3000000000000007,11,0.4289999999999998,-2.470000000000006,0,3,4,0,-2.8999999999999986,17,0.7859999999999998,-1.3799999999999955,3,0,1,0,-0.6099999999999994,-3,0,-5,1,0,0,0,1,0,0,0.04166666666666663,0.10526315789473684,4,1,-7,1,2,0,-1,0,0,0,0,0,0,0.041816009557945066,0.056360708534621606,-2,0,22
2025-07-12 00:00:00,Seattle Seahawks,Atlanta Falcons,-105,-9.600000000000001,0.04200000000000004,3.799999999999997,-0.42600000000000016,-38.80000000000001,-0.38400000000000034,-34.900000000000034,32,2.900000000000002,-997.536,42.3,-0.21799999999999997,-19.799999999999983,0.2469999999999999,22.5,49,5,-8.200000000000003,-0.3689999999999998,-2.34,-8,-7,6,57,-16.799999999999997,-0.42600000000000016,-38.80000000000001,-85,-49,1.3999999999999915,-0.2290000000000001,0.9199999999999999,1,0,3,-11,7.099999999999994,-0.21799999999999997,-19.799999999999983,-29,0.04200000000000004,0.5199999999999996,-1,-4,1,3.799999999999997,57,-997.536,0.7799999999999998,1,31,0,42.3,-4,-4,-6,-14,5,-6,-6.100000000000001,11,4,-15.100000000000001,31,-13,-11,7,-20,-3,3.0,-7,-4,0.19999999999999574,16,-918.861,-3.960000000000001,-15,0,19.900000000000006,-16,-0.16900000000000004,5.280000000000001,42,0,-15.400000000000006,-7,-197,-6.9799999999999995,-2,-78,-1,-17.900000000000002,6,-84,-8.05,3,-36,-1,-7.6,10,0.28700000000000014,-4.890000000000001,1,-1,8,0,-0.4399999999999977,-14,-0.6949999999999998,-0.8200000000000003,-2,-2,-2,-1,3.8300000000000054,-13,-1,-8,0,-1,0,-2,0,0,0,-0.04761904761904767,-0.0014992503748125774,2,0,-105,2,1,1,0,-1,2,-1,0,0,0,-0.040909090909090895,0.06222222222222218,-1,0,32
2025-07-12 00:00:00,Pittsburgh Steelers,Baltimore Ravens,1,0.10000000000000142,0.44999999999999996,40.900000000000006,-0.20299999999999985,-18.5,0.2469999999999999,22.400000000000034,-2,-0.1999999999999993,0.1299999999999999,11.799999999999997,-0.3160000000000003,-28.69999999999999,-0.1860000000000004,-17.0,-53,-39,-1.0,-0.12699999999999978,0.8099999999999996,-5,-1,10,76,0.20000000000000284,-0.20299999999999985,-18.5,-42,-32,-1.3000000000000043,-0.391,-0.2400000000000002,-3,-2,-16,-75,-1.7999999999999972,-0.3160000000000003,-28.69999999999999,43,0.44999999999999996,0.8999999999999995,6,12,0,40.900000000000006,11,0.1299999999999999,0.29000000000000004,3,-13,0,11.799999999999997,12,-2,-3,7,4,-1,-2.0,6,4,7.399999999999999,-13,-9,-5,-27,-9,-13,-6.200000000000003,0,-4,-15.399999999999991,8,0.29400000000000004,2.0,6,0,26.799999999999997,-5,-0.10799999999999987,0.379999999999999,9,0,-9.799999999999997,-5,13,5.01,-3,18,0,1.1999999999999993,-1,-12,-0.2699999999999996,-8,13,0,-1.0999999999999996,0,0.19199999999999995,5.050000000000004,7,2,4,0,4.310000000000002,-2,-0.17000000000000015,-2.219999999999999,-2,-1,0,1,-3.5700000000000003,-1,6,-5,0,0,-1,-1,0,0,0,-0.0357142857142857,0.05303030303030298,0,0,1,0,3,-3,0,0,1,0,0,0,0,0.0,-0.02472527472527475,-2,-1,-2
2025-07-12 00:00:00,New Orleans Saints,Tampa Bay Buccaneers,94,8.5,0.2160000000000002,19.700000000000003,0.03399999999999981,3.0999999999999943,0.25,22.69999999999999,10,0.9000000000000021,-0.2849999999999999,-25.900000000000006,0.5609999999999999,51.0,0.27600000000000025,25.099999999999966,-14,-23,-3.700000000000003,0.03399999999999981,0.33000000000000007,7,-4,-4,0,9.0,0.03399999999999981,3.0999999999999943,68,38,-2.3000000000000114,0.6099999999999999,0.28000000000000025,-1,4,3,49,-8.5,0.5609999999999999,51.0,16,0.2160000000000002,0.5299999999999998,6,9,0,19.700000000000003,-82,-0.2849999999999999,0.1599999999999997,3,-32,-2,-25.900000000000006,9,1,-1,9,3,3,1.3000000000000043,-6,-1,6.100000000000001,-32,20,-2,-14,8,7,3.0,9,2,-14.200000000000003,0,-0.02499999999999991,-0.5899999999999999,-40,0,-2.299999999999997,17,-898.631,-0.17999999999999972,1,0,42.7,3,87,3.1999999999999993,-2,14,0,7.9,-3,-71,-2.379999999999999,8,-42,-1,-6.5,7,0.3630000000000002,1.25,1,2,4,1,2.280000000000001,3,0.19400000000000017,1.5499999999999972,0,2,-2,0,-1.5399999999999991,13,6,7,0,0,1,-1,0,0,0,-0.045454545454545414,0.14102564102564108,1,1,94,3,3,-1,0,-1,0,0,1,1,0,0.06896551724137934,-0.021531100478468956,-2,0,10
2025-07-12 00:00:00,Indianapolis Colts,Jacksonville Jaguars,-74,-6.699999999999999,-0.11799999999999988,-10.700000000000017,-0.4660000000000002,-42.39999999999998,-0.5840000000000001,-53.10000000000002,21,1.8999999999999986,920.929,-13.600000000000009,-0.05899999999999972,-5.400000000000006,-0.20800000000000018,-18.899999999999977,13,-23,-8.700000000000003,-0.44200000000000017,-1.4899999999999993,-3,4,8,24,-20.89999999999999,-0.4660000000000002,-42.39999999999998,-5,-8,-1.2000000000000028,-0.11699999999999999,-0.1899999999999995,6,2,-12,-58,1.0,-0.05899999999999972,-5.400000000000006,30,-0.11799999999999988,-0.8499999999999996,-8,-4,-1,-10.700000000000017,-29,920.929,-0.14000000000000012,-2,-21,0,-13.600000000000009,-4,-21,5,-20,17,0,-5.0,3,-3,-22.700000000000003,-21,0,2,-19,1,-1,-1.1000000000000014,-4,-4,-11.200000000000003,-6,964.783,-2.150000000000002,-27,0,-22.799999999999997,-19,-0.3700000000000001,2.460000000000001,16,0,-33.70000000000002,2,137,6.420000000000002,-1,63,2,12.500000000000002,5,23,-0.03000000000000025,-4,1,0,2.1000000000000005,12,0.502,-2.5799999999999983,3,3,0,0,-3.960000000000001,10,0.5369999999999999,1.6999999999999957,0,-2,7,-1,2.1700000000000017,-9,-8,-3,0,2,0,0,0,0,0,0.024891774891774854,-0.0984848484848484,-2,0,-74,6,-2,6,0,0,0,2,0,0,0,-0.040000000000000036,0.08441558441558439,-1,0,21
2025-07-12 00:00:00,Tennessee Titans,Cleveland Browns,19,1.6999999999999993,-851.956,17.400000000000006,-0.06900000000000017,-6.300000000000011,0.12199999999999989,11.099999999999994,-59,-5.300000000000001,-0.3360000000000001,-30.500000000000014,-0.5389999999999999,-49.0,-0.875,-79.5,6,-5,-2.299999999999997,-0.20199999999999996,-0.6299999999999999,3,4,-15,-133,-6.200000000000003,-0.06900000000000017,-6.300000000000011,-28,-33,-4.400000000000006,-0.4440000000000004,-0.7400000000000002,0,4,15,95,-11.299999999999997,-0.5389999999999999,-49.0,52,-851.956,-0.029999999999999805,4,21,0,17.400000000000006,-10,-0.3360000000000001,-0.9699999999999998,-11,-23,0,-30.500000000000014,21,-24,12,9,9,4,0.8000000000000007,0,1,4.799999999999997,-23,-17,-2,-42,12,-3,-5.299999999999997,-4,-5,-21.400000000000006,-4,-0.17699999999999982,-1.6099999999999994,-37,0,-16.099999999999994,10,-698.937,2.969999999999999,60,1,32.99999999999999,8,-82,-12.29,-3,-46,-2,-7.5,1,97,3.2299999999999986,-5,49,2,8.899999999999999,12,0.5049999999999999,-0.8099999999999952,2,6,4,1,-3.6499999999999986,12,0.6800000000000002,2.3200000000000003,13,3,-1,0,4.640000000000001,5,4,3,0,-2,1,-1,0,0,0,0.014035087719298178,0.03441295546558698,0,0,19,-9,-11,0,1,2,-1,0,0,0,0,0.02941176470588236,-0.07575757575757569,0,1,-59
2025-07-12 00:00:00,Cincinnati Bengals,Buffalo Bills,63,5.800000000000001,-932.381,62.29999999999998,0.137,12.400000000000006,0.8220000000000001,74.69999999999999,-108,-9.800000000000004,-0.07800000000000007,-7.099999999999994,-1.008,-91.60000000000002,-1.0859999999999999,-98.69999999999999,-78,-25,7.1000000000000085,0.16699999999999982,1.9800000000000004,-3,-3,4,30,16.0,0.137,12.400000000000006,-71,-65,-5.899999999999999,-0.9339999999999997,-1.2400000000000002,-14,-2,11,74,-19.599999999999994,-1.008,-91.60000000000002,111,-932.381,0.6200000000000001,15,24,0,62.29999999999998,-31,-0.07800000000000007,0.2600000000000007,5,-3,-1,-7.099999999999994,24,5,-2,27,-3,4,3.8999999999999986,5,1,-16.700000000000003,-3,-51,0,-54,-8,-18,-10.700000000000003,-1,0,4.900000000000006,-11,-0.1439999999999999,2.990000000000002,-1,0,-13.0,9,0.21700000000000008,-0.43000000000000327,17,0,19.700000000000017,11,6,-4.640000000000001,-4,-8,0,0.5999999999999996,-13,-167,-2.530000000000001,7,-16,0,-15.2,-12,-0.887,-7.640000000000001,-9,-9,-1,0,-0.7899999999999991,14,0.7229999999999999,1.6199999999999974,4,1,6,0,2.9399999999999977,11,15,-3,0,0,-1,0,0,0,0,-0.05882352941176472,0.032352941176470584,-2,0,63,-14,5,-14,0,0,-3,-2,0,0,0,-0.09499999999999997,-0.004761904761904745,-1,-1,-108
2025-07-12 00:00:00,Denver Broncos,Las Vegas Raiders,-92,-8.399999999999999,872.655,-42.8,-0.2589999999999999,-23.5,-0.73,-66.40000000000003,85,7.699999999999999,-972.863,14.900000000000006,0.35699999999999976,32.5,0.52,47.200000000000045,-32,0,5.499999999999993,-0.04599999999999982,0.4299999999999997,-5,5,28,213,-3.6000000000000085,-0.2589999999999999,-23.5,-18,20,8.700000000000003,0.18199999999999994,0.8400000000000007,8,1,-29,-175,17.200000000000003,0.35699999999999976,32.5,-44,872.655,-1.08,-7,-21,0,-42.8,42,-972.863,0.040000000000000036,6,27,1,14.900000000000006,-21,-2,-1,-24,-7,-6,-2.299999999999997,11,4,-7.899999999999999,27,5,-15,17,-10,17,14.100000000000001,3,5,25.900000000000006,4,-993.781,2.8200000000000003,8,0,20.299999999999997,-7,956.798,-1.25,-3,0,-22.200000000000003,-10,-243,-6.34,-6,-45,0,-22.1,-5,22,3.789999999999999,-9,45,1,2.0,-13,-0.6550000000000002,-0.6800000000000068,-12,-2,-9,2,-3.8600000000000065,-21,-1.3410000000000002,-6.740000000000002,-11,-6,-3,-1,-1.8699999999999974,-12,-7,-5,0,0,0,0,0,0,0,-0.0714285714285714,-0.08809523809523812,-3,0,-92,15,6,8,0,1,0,0,0,0,0,0.1875,-0.06878306878306883,1,0,85
2025-07-12 00:00:00,Chicago Bears,Green Bay Packers,-26,-2.400000000000002,-0.28400000000000003,-25.80000000000001,-0.053999999999999826,-4.900000000000006,-0.33799999999999963,-30.700000000000045,-90,-8.100000000000001,-0.45799999999999996,-41.599999999999994,-0.4670000000000001,-42.39999999999998,-0.9250000000000003,-84.10000000000002,-32,10,8.700000000000003,-0.04400000000000004,0.5499999999999998,-1,-1,0,10,10.799999999999997,-0.053999999999999826,-4.900000000000006,28,9,-2.700000000000003,-0.4179999999999997,-1.7199999999999998,-9,-10,6,49,-6.400000000000006,-0.4670000000000001,-42.39999999999998,-7,-0.28400000000000003,-0.79,1,-10,0,-25.80000000000001,-20,-0.45799999999999996,-1.2899999999999996,-3,-18,0,-41.599999999999994,-10,5,5,0,-9,6,7.099999999999994,-1,2,17.599999999999994,-18,-10,-2,-30,25,9,0.0,6,5,8.299999999999997,-13,883.751,-0.7300000000000004,-20,0,-33.0,-7,-0.28,-2.0599999999999987,-48,-1,-25.5,9,-16,-4.489999999999999,-6,-2,0,-1.4000000000000004,-1,-56,-2.49,4,-19,0,-5.099999999999998,-4,-0.119,2.1300000000000026,-4,0,0,0,2.710000000000001,8,0.4810000000000001,2.9000000000000057,4,4,5,0,2.3800000000000026,-1,1,-1,0,0,-1,0,0,0,0,-0.1071428571428571,-0.08333333333333337,2,0,-26,-14,-3,-9,-1,0,0,-1,0,0,0,-0.11111111111111116,0.06818181818181823,-1,0,-90
2025-07-12 00:00:00,Los Angeles Rams,Arizona Cardinals,-58,-5.300000000000001,-0.09799999999999986,-8.900000000000006,-0.18300000000000027,-16.700000000000017,-0.28100000000000014,-25.599999999999966,104,9.399999999999999,0.1260000000000001,11.5,0.15799999999999992,14.300000000000011,0.2839999999999998,25.80000000000001,51,38,1.0,0.016999999999999904,-0.8700000000000001,-13,4,25,200,-19.900000000000006,-0.18300000000000027,-16.700000000000017,-25,-14,0.5,0.10200000000000031,0.6900000000000004,3,-3,-9,-56,9.299999999999997,0.15799999999999992,14.300000000000011,-28,-0.09799999999999986,0.0699999999999994,1,-9,0,-8.900000000000006,1,0.1260000000000001,0.41999999999999993,7,2,0,11.5,-9,-8,-4,-21,34,20,4.400000000000006,-3,-6,-24.60000000000001,2,18,3,23,-23,-6,1.7000000000000028,-17,-10,-8.799999999999997,19,-755.752,0.5399999999999991,7,0,44.7,15,-525.793,9.25,60,0,61.800000000000004,-6,29,5.88,-9,20,0,2.700000000000001,1,-56,-4.389999999999999,8,8,0,-5.099999999999998,5,0.33499999999999996,2.6400000000000006,-3,2,-3,1,2.8100000000000023,-10,-0.40200000000000014,2.5900000000000034,0,2,-3,0,-1.4799999999999969,-11,1,-13,0,0,-1,2,0,0,0,0.07692307692307687,0.10364145658263302,1,1,-58,13,7,3,0,0,0,3,-1,1,0,-0.04047619047619044,-0.015873015873015928,0,0,104
2025-07-12 00:00:00,Houston Texans,Kansas City Chiefs,34,3.099999999999998,0.11699999999999999,10.700000000000003,0.46199999999999974,42.0,0.5790000000000002,52.60000000000002,19,1.8000000000000007,0.06000000000000005,5.3999999999999915,0.256,23.30000000000001,0.31599999999999984,28.69999999999999,15,13,0.9000000000000057,0.3959999999999999,0.7299999999999995,2,1,-1,-66,4.099999999999994,0.46199999999999974,42.0,-30,16,10.600000000000001,0.08599999999999985,0.8499999999999996,1,-6,-11,-170,20.799999999999997,0.256,23.30000000000001,15,0.11699999999999999,0.1899999999999995,8,32,0,10.700000000000003,8,0.06000000000000005,0.10000000000000053,1,15,0,5.3999999999999915,32,22,-5,49,-6,8,7.0,6,7,13.599999999999994,15,-2,-8,5,-15,4,7.299999999999997,5,-3,-34.8,11,-800.852,1.6400000000000006,9,0,31.5,2,-0.008000000000000007,-1.3300000000000018,-57,-1,-0.6999999999999886,-5,-119,-3.21,-4,-28,0,-10.9,-9,-49,3.8599999999999994,1,-3,-1,-4.399999999999999,-19,-0.9520000000000002,-1.0999999999999943,-4,-5,-7,0,-0.9100000000000037,-17,-0.8199999999999998,0.05000000000000426,-6,-3,4,-1,2.6700000000000017,8,8,2,0,0,0,-2,0,0,0,-0.1428571428571429,-0.03125,1,0,34,1,1,1,-1,-1,1,0,0,0,0,0.013368983957219305,0.30959752321981426,-2,0,19
2025-08-12 00:00:00,Philadelphia Eagles,Los Angeles Chargers,-9,-0.8000000000000007,0.05799999999999983,5.200000000000003,0.42200000000000015,38.30000000000001,0.48,43.69999999999999,13,1.1000000000000014,-0.014000000000000012,-1.2999999999999972,-0.5800000000000001,-52.69999999999999,-0.5940000000000003,-54.0,80,49,-1.2000000000000028,0.488,-0.28000000000000025,2,8,10,66,-12.5,0.42200000000000015,38.30000000000001,-51,-20,2.8000000000000043,-0.5300000000000002,-0.5500000000000007,-1,3,7,50,-4.5,-0.5800000000000001,-52.69999999999999,-30,0.05799999999999983,0.6299999999999999,-7,3,1,5.200000000000003,-32,-0.014000000000000012,0.45999999999999996,2,-5,1,-1.2999999999999972,3,26,2,31,19,24,11.199999999999996,-3,-2,-0.4000000000000057,-5,-17,-5,-27,-13,-12,-5.200000000000003,0,6,30.0,0,-980.941,1.8300000000000018,-1,0,7.0,2,0.30600000000000005,5.620000000000001,43,0,27.799999999999997,4,-11,-3.5199999999999996,-1,15,0,-1.0,-13,-88,4.659999999999998,0,21,1,-8.0,-17,-0.8909999999999998,-1.1299999999999955,-10,-3,-2,0,-0.6599999999999966,-1,-0.05699999999999994,-0.28999999999999915,0,-2,0,-1,2.0799999999999983,-8,-7,2,0,0,-1,0,-1,-1,0,0.0,0.14021164021164023,1,1,-9,3,2,-1,0,1,1,0,0,0,0,0.0039525691699604515,0.05594405594405594,1,-1,13
2025-11-12 00:00:00,Atlanta Falcons,Tampa Bay Buccaneers,40,3.6000000000000014,-0.09699999999999998,-8.799999999999997,-0.015000000000000124,-1.299999999999983,-0.11199999999999966,-10.199999999999989,35,3.1999999999999993,-0.3899999999999999,-35.5,0.585,53.099999999999994,0.19500000000000028,17.69999999999999,23,19,1.2999999999999972,0.03699999999999992,-0.33000000000000007,7,1,7,52,4.599999999999994,-0.015000000000000124,-1.299999999999983,47,36,1.5,0.5409999999999999,0.54,2,1,-12,-44,3.4000000000000057,0.585,53.099999999999994,-5,-0.09699999999999998,-0.2599999999999998,-3,1,-1,-8.799999999999997,-61,-0.3899999999999999,-0.4299999999999997,4,-34,0,-35.5,1,-6,5,0,18,15,6.100000000000001,0,-1,-5.299999999999997,-34,19,7,-8,0,2,1.5,0,-3,-12.5,-8,-0.08099999999999996,2.270000000000003,-10,0,-7.299999999999997,11,0.2909999999999999,-0.4299999999999997,-14,0,26.5,4,133,5.79,-3,37,0,12.100000000000001,-8,-21,2.7600000000000007,5,-1,0,-1.9000000000000004,1,0.062000000000000055,0.39000000000000057,1,3,-3,2,-2.1400000000000006,2,0.1060000000000001,0.3399999999999963,4,1,-3,0,-3.6099999999999994,6,-3,7,0,0,2,0,0,0,0,0.0021645021645022577,0.007246376811594235,-1,1,40,7,4,2,0,0,-1,0,1,1,0,0.09090909090909094,0.002105263157894721,-2,0,35
12/14/2025,Arizona Cardinals,Houston Texans,-5,-0.3999999999999986,0.07199999999999984,6.5,-0.1759999999999997,-16.0,-0.10400000000000009,-9.400000000000034,-101,-9.2,-0.242,-22.0,-0.558,-50.70000000000002,-0.7999999999999998,-72.69999999999999,-33,-37,-3.799999999999997,-0.266,-0.1200000000000001,-1,0,-15,-90,-3.799999999999997,-0.1759999999999997,-16.0,-25,-35,-5.399999999999999,-0.45500000000000007,-0.7999999999999998,-6,3,11,103,-16.89999999999999,-0.558,-50.70000000000002,24,0.07199999999999984,-0.10999999999999943,-4,-5,0,6.5,-40,-0.242,-0.27000000000000046,-2,-25,0,-22.0,-5,-17,4,-18,-7,-16,-8.700000000000003,1,4,20.900000000000006,-25,-36,0,-61,14,1,-3.0,-5,0,17.099999999999994,-18,800.752,0.09999999999999787,-1,0,-40.599999999999994,2,0.014999999999999902,-0.9100000000000001,-1,1,1.3999999999999915,13,90,-3.42,7,13,0,8.2,7,106,1.6199999999999992,-8,30,1,9.599999999999998,8,0.3820000000000001,-0.14000000000000057,8,2,4,-1,-1.2199999999999989,25,1.152,-1.9500000000000028,12,0,5,1,-0.23000000000000398,-5,-4,-1,0,0,0,0,0,0,0,0.0,0.09672619047619047,0,-1,-5,-10,-2,-6,1,1,0,-3,0,-1,0,0.048319327731092376,-0.2573099415204678,2,0,-101
12/14/2025,Cleveland Browns,Chicago Bears,103,9.400000000000002,0.5209999999999999,47.400000000000006,0.702,63.900000000000006,1.2229999999999999,111.10000000000002,48,4.300000000000001,0.3939999999999999,35.8,0.5940000000000001,54.0,0.988,89.80000000000001,-14,0,2.1999999999999957,0.609,1.87,7,-6,-13,-93,22.700000000000003,0.702,63.900000000000006,36,34,3.0,0.43500000000000005,0.5300000000000002,5,7,-19,-159,0.4000000000000057,0.5940000000000001,54.0,53,0.5209999999999999,0.98,5,25,0,47.400000000000006,-3,0.3939999999999999,1.38,6,25,0,35.8,25,34,-11,48,-10,13,11.000000000000004,-6,-4,-5.699999999999996,25,18,5,48,-27,-7,1.8999999999999986,8,4,0.0,2,0.139,1.8900000000000006,22,0,12.599999999999994,11,0.29000000000000004,-0.35999999999999943,-1,0,26.400000000000006,-6,-51,0.48999999999999844,-5,-22,0,-4.6,-9,-110,0.4800000000000004,-6,-31,-2,-10.0,-24,-0.9850000000000001,2.769999999999996,2,-4,-7,-1,2.990000000000002,-20,-1.0830000000000002,-3.280000000000001,-15,-4,-9,0,-2.8400000000000034,11,5,7,0,0,-1,0,0,0,0,0.052631578947368474,-0.00877192982456132,0,0,103,9,6,5,0,-2,0,0,0,0,0,0.0,-0.08333333333333337,3,-1,48
12/14/2025,Los Angeles Chargers,Kansas City Chiefs,31,2.8000000000000007,0.028000000000000025,2.5999999999999943,0.2879999999999998,26.19999999999999,0.3160000000000003,28.69999999999999,-37,-3.3000000000000007,-0.17799999999999994,-16.200000000000003,0.254,23.099999999999994,0.07600000000000007,6.899999999999977,19,6,-1.5999999999999943,0.20500000000000007,0.16999999999999993,-1,-2,-13,-83,0.29999999999999716,0.2879999999999998,26.19999999999999,-8,25,9.399999999999999,0.18100000000000005,0.7300000000000004,1,-4,-7,-73,17.099999999999994,0.254,23.099999999999994,20,0.028000000000000025,-0.20999999999999996,8,14,-1,2.5999999999999943,-6,-0.17799999999999994,-0.5800000000000001,-4,-10,-1,-16.200000000000003,14,18,3,35,-13,-12,-4.299999999999997,9,9,14.0,-10,5,-5,-10,-4,6,5.899999999999999,-3,-8,-36.5,1,0.08899999999999997,1.4899999999999984,7,0,8.100000000000009,1,-0.1280000000000001,-3.3400000000000034,-41,0,-11.599999999999994,6,46,0.20999999999999996,-10,-8,0,4.1,1,5,-0.7899999999999991,-2,3,-1,0.5,-5,-0.29400000000000004,-1.6899999999999977,9,-2,-1,0,-1.740000000000002,1,0.133,2.3500000000000014,1,0,3,0,1.2000000000000028,7,8,-1,0,0,0,0,0,0,0,-0.1428571428571429,-0.05092592592592593,1,-1,31,-4,-4,1,0,-1,0,0,0,0,0,0.041501976284585074,0.07754010695187163,-2,0,-37
12/14/2025,Baltimore Ravens,Cincinnati Bengals,-27,-2.5,932.482,-53.099999999999994,0.5009999999999999,45.599999999999994,-0.08299999999999974,-7.5,99,9.000000000000004,0.42300000000000004,38.5,0.3280000000000003,29.80000000000001,0.7509999999999999,68.30000000000001,126,65,-4.700000000000003,0.44399999999999995,-1.2299999999999995,5,5,-7,-57,-12.700000000000003,0.5009999999999999,45.599999999999994,-17,3,3.6999999999999957,0.28200000000000003,1.0700000000000003,10,2,-3,-46,14.5,0.3280000000000003,29.80000000000001,-94,932.482,-0.5699999999999994,-8,-23,0,-53.099999999999994,48,0.42300000000000004,0.6199999999999992,1,19,1,38.5,-23,26,7,10,6,4,1.1999999999999957,-7,-2,17.1,19,21,3,43,-8,14,12.100000000000001,-12,-6,6.599999999999994,6,0.133,-0.40000000000000213,55,1,12.0,-5,-0.09000000000000008,0.870000000000001,-12,0,-8.200000000000003,-1,-65,-4.6,9,-12,0,-5.899999999999999,8,138,3.2700000000000005,2,-6,0,12.599999999999998,8,0.44999999999999996,0.8399999999999963,-4,5,-2,0,-3.4200000000000017,-2,-0.08599999999999985,0.21000000000000085,4,1,4,-1,2.3500000000000014,-2,-8,5,1,0,1,-1,0,0,0,0.0357142857142857,-0.06666666666666665,1,0,-27,15,1,10,0,0,2,2,0,0,0,-0.025000000000000022,0.08333333333333337,2,1,99
12/14/2025,Buffalo Bills,New England Patriots,7,-1.8000000000000007,-0.27,-34.79999999999998,0.38900000000000023,12.900000000000006,0.11899999999999977,-21.900000000000034,-26,-4.099999999999998,-0.5859999999999999,-61.2,0.7119999999999997,45.30000000000001,0.1259999999999999,-15.900000000000034,24,22,1.5,0.379,0.5,3,-3,9,-10,9.200000000000003,0.38900000000000023,12.900000000000006,94,78,5.300000000000004,0.7109999999999999,0.20999999999999996,8,1,-1,-1,10.099999999999994,0.7119999999999997,45.30000000000001,22,-0.27,-1.0900000000000003,-8,-3,2,-34.79999999999998,-47,-0.5859999999999999,-1.29,-13,-23,0,-61.2,-3,15,-4,8,10,3,-0.8999999999999986,2,5,23.200000000000003,-23,37,3,17,3,-2,-2.299999999999997,6,-2,-32.400000000000006,-4,-0.256,-3.379999999999999,-7,0,-31.299999999999997,-4,-0.21700000000000008,-2.2399999999999984,-20,0,-28.80000000000001,-6,120,9.44,6,72,1,9.1,8,150,4.450000000000001,-1,61,1,11.8,6,0.385,2.9299999999999997,12,4,1,0,-2.4200000000000017,3,-0.07299999999999995,-4.519999999999996,-9,1,-2,0,-7.140000000000001,-2,-8,3,0,1,1,1,0,0,0,0.001680672268907557,0.022408963585434205,2,1,7,-3,-13,8,0,1,1,0,0,0,0,0.036666666666666625,-0.05789473684210533,-1,0,-26
12/14/2025,Washington Commanders,New York Giants,28,0.5,-0.030000000000000027,-14.0,0.5800000000000001,32.400000000000006,0.5500000000000003,18.30000000000001,38,0.9000000000000021,0.373,19.69999999999999,-0.010000000000000231,-21.69999999999999,0.36300000000000043,-2.0,81,38,-3.6000000000000014,0.5989999999999998,0.020000000000000462,1,1,7,19,-4.5,0.5800000000000001,32.400000000000006,95,49,-3.700000000000003,0.01200000000000001,-1.9699999999999989,-1,0,1,22,-15.600000000000009,-0.010000000000000231,-21.69999999999999,54,-0.030000000000000027,-0.8200000000000003,4,19,1,-14.0,-3,0.373,1.2199999999999998,7,15,0,19.69999999999999,19,20,8,47,40,20,2.799999999999997,10,4,-5.600000000000001,15,10,13,38,10,2,-1.6000000000000014,-3,0,13.0,4,0.03599999999999981,-1.5700000000000003,-23,0,-7.299999999999997,12,-807.872,0.8900000000000006,13,0,20.5,0,-57,-3.0,6,-69,-1,-6.5,1,82,4.37,7,6,0,6.3999999999999995,11,0.3330000000000002,-4.460000000000001,5,1,-2,0,-5.880000000000003,13,0.56,-1.8800000000000026,-1,0,11,0,2.1099999999999994,4,4,1,0,-1,0,0,0,0,0,-0.16666666666666663,0.2532894736842105,-1,-1,28,6,7,-1,0,0,-1,1,0,0,0,-0.05123152709359613,-0.08333333333333326,2,0,38
12/14/2025,Las Vegas Raiders,Philadelphia Eagles,90,8.2,-872.785,31.0,0.040999999999999925,3.6999999999999886,0.3819999999999997,34.700000000000045,-52,-4.699999999999999,0.129,11.699999999999989,0.07400000000000029,6.699999999999989,0.2030000000000003,18.5,-48,-30,0.6000000000000085,-0.09100000000000019,0.75,4,-12,-14,-132,23.700000000000003,0.040999999999999925,3.6999999999999886,26,-18,-9.400000000000006,0.06400000000000006,-0.33000000000000007,-6,0,2,-10,-15.0,0.07400000000000029,6.699999999999989,63,-872.785,0.3799999999999999,8,26,0,31.0,-14,0.129,0.6100000000000003,-2,5,-1,11.699999999999989,26,-15,-3,8,-5,-4,-1.6000000000000014,-2,3,22.6,5,-2,8,11,1,-3,-2.3999999999999986,6,-4,-41.400000000000006,-2,980.781,-4.32,-13,0,-21.5,9,-956.964,-3.8200000000000003,-31,0,7.1000000000000085,-6,-7,3.2699999999999996,6,-7,0,-0.5999999999999996,7,35,-2.369999999999999,2,-44,-1,3.1999999999999993,7,0.472,2.75,6,1,1,-2,4.460000000000001,-7,-0.17799999999999994,3.3200000000000003,7,0,2,1,1.6400000000000006,15,8,4,0,0,1,0,1,1,0,0.0714285714285714,0.023809523809523836,-1,0,90,-9,-2,-6,0,-1,0,0,0,0,0,-0.09090909090909094,-0.049450549450549386,0,0,-52
12/14/2025,New York Jets,Jacksonville Jaguars,48,4.400000000000002,-0.08499999999999996,-7.700000000000017,0.6279999999999999,57.10000000000002,0.5430000000000001,49.39999999999998,-41,-3.8000000000000007,920.593,-44.10000000000001,0.5090000000000003,46.30000000000001,0.02400000000000002,2.1999999999999886,65,31,-2.6000000000000014,0.5429999999999999,0.3899999999999997,2,6,-10,-85,-6.599999999999994,0.6279999999999999,57.10000000000002,92,57,-0.30000000000000426,0.5209999999999999,-0.29000000000000004,4,13,2,12,-15.299999999999997,0.5090000000000003,46.30000000000001,15,-0.08499999999999996,-0.4899999999999993,7,3,-2,-7.700000000000017,-96,920.593,-0.3400000000000003,-5,-20,0,-44.10000000000001,3,24,10,37,0,0,0.0,2,4,12.799999999999997,-20,22,4,6,-1,8,5.899999999999999,3,-3,-33.10000000000001,-23,964.307,-1.860000000000003,-45,-1,-66.10000000000001,2,0.07800000000000007,0.620000000000001,9,0,7.099999999999994,-10,-31,5.030000000000001,-1,13,1,-2.799999999999997,2,-20,-2.25,-12,1,0,-1.799999999999999,-8,-0.35099999999999976,0.6000000000000014,-2,0,-5,0,0.3199999999999932,-7,-0.36499999999999977,-0.5500000000000043,-6,-3,7,0,0.259999999999998,9,7,2,-1,1,1,0,-1,0,0,-0.0357142857142857,-0.18181818181818177,-5,-1,48,0,-5,4,0,0,-1,2,0,0,0,-0.007741935483871032,-0.06878306878306883,2,0,-41
12/14/2025,Tennessee Titans,San Francisco 49ers,114,8.2,-851.81,21.700000000000003,1.1249999999999998,79.6,1.4619999999999997,101.20000000000002,-42,-5.699999999999999,-0.25,-31.900000000000006,0.484,22.100000000000023,0.23399999999999999,-9.800000000000011,46,69,9.899999999999999,0.9199999999999999,1.54,14,7,-26,-205,18.89999999999999,1.1249999999999998,79.6,93,63,-0.5,0.383,-0.8099999999999996,5,0,-14,-101,-2.200000000000003,0.484,22.100000000000023,111,-851.81,-0.27,5,38,0,21.700000000000003,-14,-0.25,-0.6199999999999992,-8,-3,0,-31.900000000000006,38,53,3,94,3,25,16.0,-4,0,11.199999999999996,-3,26,1,24,4,1,-0.3999999999999986,-2,-2,-4.700000000000003,-14,-0.274,2.400000000000002,27,0,-32.599999999999994,25,-698.63,0.8500000000000014,15,0,50.6,5,-101,-11.72,-13,-63,-2,-10.6,-9,-11,4.629999999999999,-5,62,1,-2.8000000000000007,-18,-0.8860000000000001,-1.5499999999999972,-10,-2,1,0,-3.4199999999999946,3,0.21499999999999986,1.75,-3,5,-1,0,2.3500000000000014,15,5,14,0,-2,-1,-1,0,0,0,-0.0871794871794872,0.11823361823361822,2,0,114,-4,-8,5,0,1,-1,-1,0,0,0,-0.009049773755656076,-0.24242424242424243,0,1,-42
12/14/2025,Indianapolis Colts,Seattle Seahawks,-17,-1.5,-0.2489999999999999,-22.60000000000001,0.03600000000000003,3.3000000000000114,-0.21300000000000008,-19.399999999999977,-12,-1.1000000000000014,997.929,-6.6000000000000085,-0.387,-35.20000000000002,-0.4590000000000001,-41.69999999999999,-53,-34,0.7000000000000028,-0.04900000000000038,1.2400000000000002,2,4,-10,-85,3.9000000000000057,0.03600000000000003,3.3000000000000114,-9,-9,-0.7999999999999972,-0.33199999999999985,-0.6499999999999995,0,-2,3,55,-1.4000000000000057,-0.387,-35.20000000000002,34,-0.2489999999999999,-1.2999999999999998,-9,-14,-1,-22.60000000000001,-4,997.929,-0.2200000000000002,-2,-20,0,-6.6000000000000085,-14,-16,7,-23,0,-3,-2.3999999999999986,-13,-12,-18.5,-20,-14,-4,-38,18,-4,-7.5,11,7,3.1000000000000014,-7,918.783,-2.6900000000000013,-21,0,-27.0,-5,-0.20799999999999996,-1.5700000000000003,-5,0,-18.900000000000006,5,126,3.4399999999999995,6,71,1,11.500000000000002,6,201,10.8,-2,75,1,18.2,8,0.3949999999999998,-0.09999999999999432,1,1,-2,0,-6.149999999999999,17,0.8409999999999997,1.0,-4,1,4,0,0.7199999999999989,-4,-9,2,0,1,-1,2,0,0,0,0.06060606060606055,-0.08908045977011492,-2,0,-17,0,-2,0,0,1,0,1,0,0,0,-0.050000000000000044,0.005050505050505083,0,0,-12
12/14/2025,Detroit Lions,Los Angeles Rams,-20,-1.8000000000000007,-0.32800000000000007,-29.80000000000001,0.1070000000000002,9.800000000000011,-0.22100000000000009,-20.100000000000023,-64,-5.800000000000001,0.010999999999999899,1.0,-0.022999999999999687,-2.0,-0.01200000000000001,-1.1000000000000227,19,3,-2.700000000000003,0.058000000000000274,-0.23999999999999932,6,-3,-8,-49,4.6000000000000085,0.1070000000000002,9.800000000000011,48,41,2.8999999999999986,-0.014000000000000234,-0.9000000000000004,-8,3,-1,9,-12.299999999999997,-0.022999999999999687,-2.0,-12,-0.32800000000000007,-0.9199999999999999,-7,-1,-1,-29.80000000000001,-1,0.010999999999999899,0.050000000000000266,-4,13,0,1.0,-1,11,17,27,-16,-3,2.299999999999997,-4,0,11.900000000000006,13,0,-7,6,12,3,-0.9000000000000057,14,7,0.0,-12,755.889,-1.4199999999999982,-12,0,-32.2,-23,525.659,-7.469999999999999,-23,0,-74.0,-1,4,0.5899999999999999,0,-45,-1,0.29999999999999893,-2,66,5.549999999999999,-12,14,0,5.999999999999998,-6,-0.2729999999999999,0.05999999999999517,2,1,-4,0,-3.0,-7,-0.30099999999999993,0.7100000000000009,-1,-1,-9,0,0.3200000000000003,-1,-7,6,0,-1,1,0,0,0,0,-0.02564102564102555,-0.08359133126934981,-1,-1,-20,-11,-4,-8,0,0,0,0,1,0,0,-0.026666666666666616,-0.03273809523809523,0,0,-64
12/14/2025,Green Bay Packers,Denver Broncos,-6,-0.5,0.06400000000000006,5.799999999999997,-0.10400000000000009,-9.5,-0.040000000000000036,-3.599999999999966,-10,-0.8999999999999986,972.939,-8.0,0.039000000000000146,3.5,-0.04800000000000004,-4.300000000000011,54,10,-6.899999999999999,-0.15200000000000014,-1.46,2,5,-4,-48,-17.099999999999994,-0.10400000000000009,-9.5,1,-28,-7.799999999999997,0.16599999999999993,0.4399999999999995,-4,0,20,127,-8.299999999999997,0.039000000000000146,3.5,-29,0.06400000000000006,0.6200000000000001,-3,-12,0,5.799999999999997,-5,972.939,-0.26000000000000023,0,-15,0,-8.0,-12,-7,0,-19,10,-11,-10.799999999999997,-6,-5,-14.299999999999997,-15,-1,10,-6,9,-8,-7.5,-13,-9,-12.799999999999997,5,110.0,-0.41000000000000014,10,0,10.0,0,0.129,3.0700000000000003,22,0,11.799999999999997,3,228,7.81,14,50,0,20.700000000000003,7,50,-1.1799999999999997,9,21,0,4.5,22,0.9750000000000001,-2.3699999999999974,11,1,11,0,-0.3999999999999986,25,1.292,1.2199999999999989,7,4,4,1,-1.8700000000000045,-1,-3,2,0,0,0,0,0,0,0,0.1071428571428571,0.09999999999999998,2,0,-6,-4,0,-4,0,0,0,0,0,0,0,-0.07638888888888884,0.1077441077441077,-2,1,-10
12/14/2025,Carolina Panthers,New Orleans Saints,-51,-3.0,-0.4600000000000002,-30.700000000000003,0.03799999999999981,20.30000000000001,-0.4219999999999997,-10.399999999999977,5,2.5,-0.03200000000000003,7.599999999999994,-0.4159999999999999,-18.69999999999999,-0.44799999999999995,-11.0,8,16,2.799999999999997,0.010000000000000231,-0.11000000000000032,-5,-1,0,-28,-1.4000000000000057,0.03799999999999981,20.30000000000001,-64,-32,3.200000000000003,-0.3719999999999999,0.28000000000000025,6,-4,8,44,16.0,-0.4159999999999999,-18.69999999999999,-53,-0.4600000000000002,-0.81,-4,-14,0,-30.700000000000003,20,-0.03200000000000003,-0.3500000000000001,-5,3,2,7.599999999999994,-14,-20,3,-31,0,3,2.0,-2,-9,-30.700000000000003,3,-11,11,3,-19,-18,-7.399999999999999,-4,-4,-8.400000000000006,2,-997.917,0.8200000000000003,30,0,15.299999999999997,-9,19.0,6.630000000000003,17,0,8.399999999999991,-2,38,3.3900000000000006,1,25,0,4.300000000000001,-5,-79,-0.7300000000000004,1,8,0,-4.899999999999999,-4,-0.3460000000000001,-4.149999999999999,-7,0,-5,1,-3.8699999999999974,-4,-0.30200000000000005,-3.1499999999999986,4,0,-2,0,-4.600000000000001,-8,-4,-5,0,0,0,1,0,0,0,0.1578947368421053,-0.12587412587412594,-1,0,-51,1,-5,6,0,0,1,-1,0,0,0,-0.03563218390804601,-0.005928853754940677,2,0,5
12/14/2025,Minnesota Vikings,Dallas Cowboys,96,8.700000000000003,0.19799999999999995,18.0,0.9530000000000001,86.60000000000002,1.1509999999999998,104.69999999999999,59,5.300000000000001,-0.038999999999999924,-3.499999999999986,0.7279999999999998,66.20000000000002,0.6890000000000001,62.69999999999999,70,80,9.399999999999999,0.8210000000000002,0.8899999999999997,11,-7,-22,-132,28.60000000000001,0.9530000000000001,86.60000000000002,73,58,2.6999999999999886,0.746,0.5599999999999996,10,2,-2,18,9.099999999999994,0.7279999999999998,66.20000000000002,47,0.19799999999999995,-0.08000000000000007,3,14,0,18.0,-52,-0.038999999999999924,0.5700000000000003,3,-6,0,-3.499999999999986,14,48,9,71,-1,15,11.8,2,0,-6.199999999999996,-6,44,1,39,-10,13,12.0,3,-1,-22.700000000000003,-2,-0.08999999999999986,-0.8000000000000007,-16,0,-8.200000000000003,2,-0.0040000000000000036,-1.2100000000000009,-10,0,-0.3999999999999915,-16,-196,-2.8500000000000005,3,-24,0,-17.8,3,36,0.5099999999999998,-7,-1,0,3.3000000000000007,-11,-0.571,-1.019999999999996,-15,-1,-4,0,-2.719999999999999,-14,-0.6680000000000001,0.04999999999999716,-6,-1,-5,1,2.229999999999997,14,3,11,0,0,0,-1,0,1,0,-0.02777777777777779,-0.008281573498964745,-1,1,96,11,3,10,0,0,-2,0,0,0,0,-0.030303030303030276,0.17317487266553477,1,1,59
12/15/2025,Miami Dolphins,Pittsburgh Steelers,48,4.399999999999999,-0.17300000000000004,-15.700000000000003,0.08299999999999974,7.599999999999994,-0.08999999999999986,-8.199999999999989,-6,-0.6000000000000014,-0.4059999999999999,-36.89999999999999,0.5670000000000002,51.5,0.16100000000000048,14.699999999999989,8,5,-0.20000000000000284,0.06299999999999972,0.020000000000000462,4,-5,-2,-20,10.100000000000009,0.08299999999999974,7.599999999999994,115,47,-8.5,0.6389999999999998,-0.5499999999999998,1,6,13,72,-18.400000000000006,0.5670000000000002,51.5,5,-0.17300000000000004,-0.7399999999999993,0,7,0,-15.700000000000003,-37,-0.4059999999999999,-0.7999999999999998,-2,7,-2,-36.89999999999999,7,-15,11,3,0,3,2.4000000000000057,-7,-4,-4.5,7,19,-7,19,21,10,0.8000000000000043,8,6,0.8999999999999915,-3,-0.17100000000000004,-2.1499999999999986,-17,0,-15.599999999999994,12,0.268,-0.8599999999999994,-50,-1,24.39999999999999,2,-66,-5.66,2,-57,-1,-6.0,3,37,1.0,1,4,0,3.4000000000000004,4,0.09299999999999997,-2.720000000000006,3,1,-1,0,-3.8700000000000045,3,0.08800000000000008,-1.7899999999999991,-4,1,-3,0,0.28999999999999915,6,0,4,0,-1,1,2,0,0,0,0.04166666666666663,-0.031100478468899517,0,0,48,-2,-2,1,-1,0,-1,0,0,0,0,0.07407407407407407,-0.02341137123745818,0,1,-6
12/18/2025,Los Angeles Rams,Seattle Seahawks,18,1.6999999999999993,0.06800000000000006,6.200000000000003,0.0009999999999998899,0.09999999999999432,0.06899999999999995,6.2000000000000455,38,3.3999999999999986,997.87,-11.900000000000006,0.018999999999999684,1.6999999999999886,-0.1120000000000001,-10.199999999999989,-72,-39,2.9000000000000057,-0.03000000000000025,1.6999999999999993,-11,9,-4,-31,-9.200000000000003,0.0009999999999998899,0.09999999999999432,15,7,-0.5999999999999943,0.06700000000000017,-0.0699999999999994,3,-3,5,48,4.700000000000003,0.018999999999999684,1.6999999999999886,38,0.06800000000000006,-0.28000000000000025,5,4,0,6.200000000000003,-25,997.87,-0.13000000000000034,3,-19,0,-11.900000000000006,4,-27,0,-23,4,2,0.4000000000000057,-11,-8,-5.900000000000006,-19,9,3,-7,8,3,0.10000000000000142,-3,1,8.100000000000001,4,163.0,1.8699999999999974,28,0,14.799999999999997,26,-525.753,4.27,-5,0,65.5,2,148,6.3,2,75,1,13.500000000000002,1,35,1.3000000000000007,1,55,1,3.1000000000000014,-2,0.031999999999999806,3.760000000000005,-8,1,-6,0,1.6799999999999997,10,0.47199999999999975,-0.09999999999999432,0,1,5,1,-3.3400000000000034,-3,5,-11,0,1,-1,2,0,0,0,0.07692307692307687,0.1217038539553752,0,0,18,7,3,3,0,1,0,1,-1,0,0,0.016666666666666607,-0.12698412698412698,3,0,38
12/20/2025,Green Bay Packers,Chicago Bears,26,2.400000000000002,0.28400000000000003,25.80000000000001,0.053999999999999826,4.900000000000006,0.33799999999999963,30.700000000000045,90,8.100000000000001,0.45799999999999996,41.599999999999994,0.4670000000000001,42.39999999999998,0.9250000000000003,84.10000000000002,32,-10,-8.700000000000003,0.04400000000000004,-0.5499999999999998,1,1,0,-10,-10.799999999999997,0.053999999999999826,4.900000000000006,-28,-9,2.700000000000003,0.4179999999999997,1.7199999999999998,9,10,-6,-49,6.400000000000006,0.4670000000000001,42.39999999999998,7,0.28400000000000003,0.79,-1,10,0,25.80000000000001,20,0.45799999999999996,1.2899999999999996,3,18,0,41.599999999999994,10,-5,-5,0,9,-6,-7.099999999999994,1,-2,-17.599999999999994,18,10,2,30,-25,-9,0.0,-6,-5,-8.299999999999997,13,-883.751,0.7300000000000004,20,0,33.0,7,0.28,2.0599999999999987,48,1,25.5,-9,16,4.489999999999999,6,2,0,1.4000000000000004,1,56,2.49,-4,19,0,5.099999999999998,4,0.119,-2.1300000000000026,4,0,0,0,-2.710000000000001,-8,-0.4810000000000001,-2.9000000000000057,-4,-4,-5,0,-2.3800000000000026,1,-1,1,0,0,1,0,0,0,0,0.1071428571428571,0.08333333333333337,-2,0,26,14,3,9,1,0,0,1,0,0,0,0.11111111111111116,-0.06818181818181823,1,0,90
12/20/2025,Philadelphia Eagles,Washington Commanders,-19,-1.6999999999999993,0.30899999999999994,28.0,-0.016999999999999904,-1.5999999999999943,0.29200000000000026,26.599999999999966,71,6.399999999999999,0.2469999999999999,22.400000000000006,0.26900000000000013,24.5,0.5159999999999996,46.89999999999998,0,-10,-3.200000000000003,-0.0349999999999997,-0.1200000000000001,-2,6,0,-18,-13.400000000000006,-0.016999999999999904,-1.5999999999999943,-49,7,10.700000000000003,0.31999999999999984,2.009999999999999,11,-2,3,51,31.299999999999997,0.26900000000000013,24.5,-2,0.30899999999999994,1.0300000000000002,0,6,0,28.0,25,0.2469999999999999,0.4299999999999997,-2,-1,1,22.400000000000006,6,-1,9,14,-12,1,4.100000000000001,1,-1,-9.100000000000001,-1,26,-8,17,-11,-3,1.1000000000000014,-4,3,26.200000000000003,5,-980.64,5.560000000000002,28,0,34.3,-9,807.964,-0.4400000000000013,-7,0,-20.700000000000003,8,108,1.290000000000001,-12,72,1,9.8,-9,-239,-8.01,-2,-35,0,-21.7,-17,-0.9079999999999999,-1.6299999999999955,-6,-2,2,0,2.690000000000005,-6,-0.18100000000000005,3.1300000000000026,-4,0,-10,-1,-0.17999999999999972,-4,0,-2,0,1,-1,0,-1,-1,0,0.0,-0.10150375939849621,2,1,-19,10,-2,11,0,0,1,0,0,0,0,0.056426332288401326,0.10897435897435892,1,-1,71
12/21/2025,Los Angeles Chargers,Dallas Cowboys,74,6.700000000000003,0.052000000000000046,4.799999999999997,0.3879999999999999,35.30000000000001,0.43999999999999995,40.0,76,6.899999999999999,0.125,11.400000000000006,0.8799999999999999,80.0,1.0050000000000003,91.39999999999998,19,26,3.299999999999997,0.26800000000000024,0.33000000000000007,5,-1,-20,-120,8.900000000000006,0.3879999999999999,35.30000000000001,53,62,7.999999999999993,0.915,1.5300000000000002,14,-5,-4,35,31.19999999999999,0.8799999999999999,80.0,9,0.052000000000000046,0.03000000000000025,6,-2,-1,4.799999999999997,34,0.125,-0.1200000000000001,-1,17,-1,11.400000000000006,-2,24,12,34,-26,-16,-3.1999999999999957,3,-1,-17.199999999999996,17,42,-2,57,10,23,13.899999999999999,-6,-5,-10.0,6,0.14200000000000013,-0.19000000000000128,5,0,12.900000000000006,1,-0.15700000000000003,-3.960000000000001,-35,0,-14.299999999999997,-4,-22,0.5200000000000005,-6,-14,0,-2.0,8,-21,-7.129999999999999,1,-46,-1,-1.8999999999999986,0,-0.04400000000000004,-1.2899999999999991,2,-2,0,0,0.5,-1,0.020000000000000018,1.8799999999999955,-5,1,-6,1,0.6099999999999994,13,6,5,0,0,1,0,0,1,0,-0.02777777777777779,-0.021164021164021163,0,0,74,11,-1,14,0,-1,-1,0,0,0,0,0.05665349143610021,0.08373205741626788,0,1,76
12/21/2025,Kansas City Chiefs,Tennessee Titans,-110,-10.0,851.699,-40.8,-0.9669999999999999,-87.89999999999998,-1.415,-128.6,102,9.2,0.387,35.20000000000002,0.2679999999999998,24.299999999999983,0.6550000000000002,59.5,-33,-40,-5.000000000000007,-0.7669999999999999,-1.3999999999999995,-11,-1,21,200,-18.099999999999994,-0.9669999999999999,-87.89999999999998,14,11,0.4000000000000057,0.3640000000000003,0.7999999999999998,6,-1,5,96,10.799999999999997,0.2679999999999998,24.299999999999983,-78,851.699,-0.5,-9,-46,0,-40.8,48,0.387,0.6099999999999994,6,14,0,35.20000000000002,-46,-35,-7,-88,6,-14,-11.100000000000001,-2,-8,-30.699999999999996,14,19,6,39,7,1,-1.5,-3,6,47.900000000000006,7,0.139,-0.9600000000000009,24,0,12.599999999999994,-19,698.786,-0.8299999999999983,-1,0,-46.800000000000004,-8,136,14.86,11,65,2,12.4,12,45,-5.329999999999998,7,-45,0,4.0,22,0.9920000000000002,-0.970000000000006,-4,3,3,0,0.14999999999999858,3,0.07299999999999995,-1.8000000000000043,-6,1,-1,0,-5.359999999999999,-16,-9,-11,0,2,1,1,0,0,0,0.07619047619047625,-0.06730769230769229,-2,0,-110,13,6,6,0,0,0,1,0,0,0,0.016042780748663055,-0.03208556149732622,0,0,102
12/21/2025,New York Jets,New Orleans Saints,-54,-4.899999999999999,-0.4870000000000001,-44.30000000000001,0.655,59.60000000000002,0.16800000000000015,15.300000000000011,-17,-1.6000000000000014,-0.04800000000000004,-4.400000000000006,-0.0129999999999999,-1.1999999999999886,-0.06099999999999994,-5.5,85,67,3.6000000000000014,0.5700000000000001,0.11999999999999922,-1,4,-11,-85,-3.0,0.655,59.60000000000002,-18,5,5.300000000000004,0.008000000000000007,0.4299999999999997,2,6,5,21,1.2999999999999972,-0.0129999999999999,-1.1999999999999886,-31,-0.4870000000000001,-1.2099999999999995,-4,-19,-2,-44.30000000000001,7,-0.04800000000000004,-0.22999999999999998,-3,10,2,-4.400000000000006,-19,18,12,11,3,3,1.2999999999999972,3,-1,-9.5,10,-6,-4,0,-12,-3,1.0,2,-1,-16.900000000000006,-16,-0.6100000000000001,-3.5,-24,-1,-55.400000000000006,-6,898.993,1.620000000000001,15,0,-9.700000000000003,-13,-193,-2.34,3,-34,-1,-17.5,4,124,5.67,-10,80,1,11.3,-8,-0.472,-2.6699999999999946,-3,-2,-6,1,-6.730000000000004,-15,-0.8439999999999999,-3.280000000000001,-8,-3,1,0,0.5700000000000003,-6,-4,-1,-1,-1,1,1,-1,0,0,0.0,-0.3076923076923077,-5,-1,-54,0,-3,2,0,1,0,0,0,0,0,-0.036707452725250334,-0.062289562289562284,2,0,-17
12/21/2025,Minnesota Vikings,New York Giants,40,1.6000000000000014,0.367,22.0,0.7060000000000002,43.80000000000001,1.0730000000000004,65.89999999999998,79,4.600000000000001,0.47,28.5,0.6869999999999998,41.70000000000002,1.157,70.19999999999999,52,33,0.5,0.629,0.7400000000000002,3,-7,-5,-77,14.299999999999997,0.7060000000000002,43.80000000000001,117,72,-1.1000000000000085,0.6930000000000001,-0.3799999999999999,7,2,-1,6,-1.9000000000000057,0.6869999999999998,41.70000000000002,120,0.367,-0.5300000000000002,8,38,1,22.0,-32,0.47,1.88,7,-4,1,28.5,38,17,12,67,34,28,10.7,13,6,-3.299999999999997,-4,55,13,64,-8,1,2.8000000000000043,2,1,-3.5,1,0.10499999999999998,1.5500000000000007,-15,0,-1.1000000000000085,2,-0.061000000000000165,-2.4200000000000017,-12,0,-14.099999999999994,-8,-112,-1.5600000000000005,4,-22,0,-11.5,0,-12,-0.6599999999999993,-3,-5,0,-2.1000000000000014,0,-0.21099999999999985,-4.689999999999998,-8,3,-2,0,-5.75,-5,-0.2520000000000002,-0.28999999999999915,-6,0,2,0,1.4699999999999989,9,8,3,0,0,-1,-1,0,0,0,-0.16666666666666663,0.024456521739130488,-1,0,40,13,7,7,0,0,-2,1,0,0,0,-0.08571428571428574,0.05913978494623662,3,0,79
12/21/2025,New England Patriots,Baltimore Ravens,-43,-1.5,0.16900000000000004,25.599999999999994,-1.0270000000000001,-70.9,-0.8580000000000001,-45.299999999999955,35,4.899999999999999,0.24099999999999988,29.799999999999997,-0.03200000000000003,16.5,0.20900000000000007,46.30000000000001,-72,-62,-3.9000000000000057,-0.9899999999999998,-1.2500000000000009,-5,1,-6,37,-12.5,-1.0270000000000001,-70.9,-6,-16,-3.1000000000000014,-0.05900000000000016,-0.040000000000000036,-4,-1,-7,-27,-5.0,-0.03200000000000003,16.5,-39,0.16900000000000004,1.0399999999999996,1,2,-2,25.599999999999994,30,0.24099999999999988,0.41000000000000014,7,7,0,29.799999999999997,2,-46,-1,-45,-13,-11,-4.199999999999996,0,-4,-23.6,7,-7,-6,-6,13,6,0.8999999999999986,7,8,20.900000000000006,9,0.2669999999999999,0.7899999999999991,-47,-1,32.3,0,0.09000000000000008,1.8000000000000007,15,0,17.299999999999997,-4,-61,-0.1999999999999993,-11,-52,-1,-3.8000000000000007,-3,-121,-5.19,-8,-39,-1,-9.2,-2,0.052000000000000046,3.8700000000000045,1,0,2,0,6.630000000000003,-15,-0.5640000000000001,2.6899999999999977,1,-3,-8,1,1.8500000000000014,-7,1,-5,-1,-1,-1,0,0,0,0,0.021428571428571463,0.011904761904761862,-1,-1,-43,2,7,-4,0,-1,0,0,0,0,0,0.08333333333333337,-0.020676691729323293,0,0,35
12/21/2025,Tampa Bay Buccaneers,Carolina Panthers,-43,-5.5,0.244,11.0,-0.07199999999999962,-23.400000000000006,0.1719999999999997,-12.300000000000011,-15,-3.400000000000002,0.31699999999999995,18.30000000000001,-0.14500000000000002,-32.30000000000001,0.1719999999999997,-14.099999999999966,6,7,0.9000000000000057,-0.04400000000000004,-0.21999999999999975,-2,5,4,28,-7.599999999999994,-0.07199999999999962,-23.400000000000006,-4,-6,-0.8999999999999915,-0.238,-0.5600000000000005,-5,0,-11,-93,-7.5,-0.14500000000000002,-32.30000000000001,37,0.244,0.28000000000000025,-2,5,0,11.0,62,0.31699999999999995,0.1900000000000004,2,29,0,18.30000000000001,5,19,-2,22,-3,-6,-3.3000000000000043,8,10,24.6,29,-9,-9,11,11,11,4.399999999999999,-5,2,22.60000000000001,-2,997.942,-0.23000000000000043,10,0,-13.0,-8,879.631,-6.450000000000003,-18,0,-51.099999999999994,-1,-125,-6.59,1,-39,0,-12.200000000000001,8,150,3.1099999999999994,-9,34,1,11.399999999999999,-3,-0.017000000000000126,2.8999999999999986,6,-2,1,-2,1.5899999999999963,1,0.10799999999999987,1.6000000000000014,-4,-2,4,0,6.140000000000001,-5,-2,-2,0,0,-1,0,0,0,0,-0.1124401913875599,-0.015151515151515138,0,-1,-43,-4,2,-5,0,1,-1,1,-1,-1,0,-0.033333333333333326,0.027459954233409634,0,0,-15
12/21/2025,Buffalo Bills,Cleveland Browns,-125,-11.400000000000002,-0.575,-52.29999999999998,-0.782,-71.1,-1.3570000000000002,-123.30000000000001,-8,-0.6999999999999993,-0.5129999999999999,-46.60000000000001,0.027999999999999803,2.5,-0.4849999999999999,-44.10000000000002,47,-14,-12.300000000000004,-0.7549999999999999,-3.0200000000000005,-8,1,2,27,-31.700000000000003,-0.782,-71.1,2,15,4.600000000000001,0.1479999999999997,0.4399999999999995,5,2,16,120,8.299999999999997,0.027999999999999803,2.5,-51,-0.575,-1.1700000000000004,-12,-18,0,-52.29999999999998,-12,-0.5129999999999999,-1.5200000000000005,-12,-32,0,-46.60000000000001,-18,-44,2,-60,23,-9,-12.099999999999998,6,3,-0.8999999999999986,-32,4,1,-27,13,0,-3.3999999999999986,-3,-4,-19.200000000000003,0,-0.20399999999999996,-4.440000000000001,-63,-1,-18.599999999999994,-16,-0.3540000000000001,1.7300000000000004,45,1,-32.20000000000002,-1,90,4.530000000000001,6,29,0,8.1,16,266,5.01,-3,61,2,24.2,29,1.3530000000000002,0.9400000000000048,6,9,4,1,-5.5,7,0.3810000000000002,0.8599999999999994,4,0,-3,0,-0.22999999999999687,-19,-12,-8,-1,0,2,0,0,0,0,0.006191950464396245,-0.04024767801857587,0,0,-125,-3,-12,5,1,2,0,1,0,0,0,0.12,-0.06666666666666665,-1,1,-8
12/21/2025,Jacksonville Jaguars,Denver Broncos,-10,-0.9000000000000021,-0.06400000000000006,-5.799999999999997,0.1120000000000001,10.199999999999989,0.04800000000000004,4.400000000000034,-58,-5.199999999999999,52.0,4.700000000000003,-0.5960000000000001,-54.19999999999999,-0.544,-49.400000000000034,20,17,1.3000000000000043,0.01399999999999979,-0.2999999999999998,4,-3,-16,-98,6.5,0.1120000000000001,10.199999999999989,-48,-48,-4.799999999999997,-0.44599999999999973,-0.34000000000000075,-13,-7,28,150,-8.700000000000003,-0.5960000000000001,-54.19999999999999,-32,-0.06400000000000006,0.2599999999999998,-3,-18,0,-5.799999999999997,29,52.0,-0.22999999999999998,1,-5,0,4.700000000000003,-18,2,-4,-20,6,5,1.8999999999999986,-16,-10,-8.299999999999997,-5,-34,3,-36,11,-15,-12.899999999999999,-5,-2,1.7000000000000028,4,29.0,-1.9499999999999993,-8,0,2.700000000000003,2,0.11699999999999999,1.5,18,0,10.700000000000003,9,56,-3.650000000000002,10,-17,-2,5.100000000000001,9,170,5.33,11,29,0,15.4,20,0.994,0.8700000000000045,14,2,9,0,-1.3899999999999935,23,1.205,1.4500000000000028,5,9,-4,1,-0.20000000000000284,-2,-3,4,0,-2,-1,0,0,0,0,0.0357142857142857,0.031818181818181746,4,0,-10,-14,1,-13,0,0,0,-2,0,0,0,-0.14749999999999996,0.06878306878306883,-2,1,-58
12/21/2025,Atlanta Falcons,Arizona Cardinals,29,2.6000000000000014,-0.20799999999999996,-18.900000000000006,0.242,22.0,0.03400000000000025,3.1000000000000227,34,3.099999999999998,-0.20799999999999996,-18.89999999999999,0.3570000000000002,32.400000000000006,0.14900000000000002,13.5,74,72,6.299999999999997,0.4159999999999999,-0.22999999999999954,6,2,23,174,6.099999999999994,0.242,22.0,45,28,-0.29999999999999716,0.26400000000000023,-0.16000000000000014,-1,0,-17,-93,-2.5,0.3570000000000002,32.400000000000006,-37,-0.20799999999999996,-0.16999999999999993,-3,-9,-1,-18.900000000000006,-31,-0.20799999999999996,-0.22999999999999954,3,-10,0,-18.89999999999999,-9,23,2,16,25,24,10.100000000000001,-3,-2,-3.6000000000000014,-10,22,11,23,-11,-6,-1.3999999999999986,-7,-7,-17.099999999999994,-1,0.10899999999999999,2.6300000000000026,-6,0,10.0,5,0.129,-0.3000000000000007,23,0,11.700000000000003,-1,78,6.56,-9,23,0,7.100000000000001,-6,-7,2.3600000000000003,4,-11,0,-0.5999999999999996,-3,0.016000000000000014,3.769999999999996,4,2,-5,1,1.5700000000000003,-6,-0.17900000000000005,3.509999999999998,2,3,-6,0,-1.9699999999999989,5,-3,6,0,0,0,2,0,0,0,0.04761904761904767,-0.0165631469979296,-1,1,29,4,3,-1,0,0,-2,3,0,1,0,-0.016233766233766156,0.04888888888888887,-2,0,34
12/21/2025,Las Vegas Raiders,Houston Texans,78,7.100000000000001,-872.816,28.099999999999994,0.28900000000000015,26.19999999999999,0.5989999999999998,54.5,-95,-8.7,-0.123,-11.200000000000003,-0.5079999999999998,-46.20000000000002,-0.6309999999999998,-57.30000000000001,36,12,-3.0999999999999943,0.20599999999999996,-0.08999999999999986,3,-7,-16,-83,7.400000000000006,0.28900000000000015,26.19999999999999,-3,-29,-7.800000000000004,-0.371,-1.0,-7,5,13,137,-23.200000000000003,-0.5079999999999998,-46.20000000000002,38,-872.816,0.6100000000000003,1,11,0,28.099999999999994,-60,-0.123,0.3899999999999997,-5,-25,-1,-11.200000000000003,11,7,7,25,7,0,-1.7000000000000028,-2,3,22.6,-25,-12,6,-31,-1,-13,-9.0,-2,-3,-13.100000000000009,-12,800.781,-2.6400000000000006,-16,0,-37.89999999999999,10,-956.778,-0.21000000000000085,28,1,24.0,9,147,3.17,-1,28,0,13.4,4,1,-2.3599999999999994,-1,-17,0,0.09999999999999787,4,0.23900000000000032,1.0300000000000011,9,1,5,-2,2.970000000000006,10,0.718,5.329999999999998,14,1,1,1,2.25,6,1,3,0,0,0,2,0,0,0,0.0714285714285714,0.14434523809523814,0,0,78,-11,-5,-7,1,0,0,0,0,0,0,-0.05882352941176472,-0.22556390977443608,1,-1,-95
12/21/2025,Pittsburgh Steelers,Detroit Lions,52,4.700000000000003,0.47,42.70000000000002,0.4790000000000001,43.5,0.9490000000000003,86.30000000000001,-20,-1.7999999999999972,-0.04400000000000004,-4.0,-0.5300000000000002,-48.19999999999999,-0.5740000000000003,-52.19999999999999,17,15,1.0,0.4929999999999999,1.0699999999999994,3,-3,2,14,11.099999999999994,0.4790000000000001,43.5,-82,-65,-3.500000000000007,-0.5339999999999998,0.1299999999999999,2,0,-2,-4,1.0,-0.5300000000000002,-48.19999999999999,36,0.47,1.08,8,3,1,42.70000000000002,10,-0.04400000000000004,-0.2900000000000005,0,-25,0,-4.0,3,36,-13,26,10,-1,-3.700000000000003,12,8,11.0,-25,-17,7,-35,-19,-17,-6.5,-6,-9,-23.099999999999994,0,0.08000000000000007,1.8599999999999994,7,0,7.299999999999997,-4,-0.05699999999999994,0.8699999999999974,21,0,-5.199999999999989,3,-14,-2.1100000000000003,6,48,1,-1.1999999999999993,0,16,0.9400000000000004,7,-1,0,1.5,3,0.119,-0.4899999999999949,-1,-2,8,0,0.4200000000000017,11,0.46599999999999997,-1.4500000000000028,-2,-1,12,0,0.9299999999999997,9,8,3,0,1,-1,-2,0,0,0,-0.05128205128205132,-0.07416267942583732,0,1,52,1,0,2,0,0,0,0,0,0,0,-0.040000000000000036,0.09134615384615385,-2,-1,-20
12/21/2025,Cincinnati Bengals,Miami Dolphins,-22,-2.0,-932.759,27.89999999999999,-0.3809999999999998,-34.69999999999999,-0.07400000000000029,-6.7000000000000455,-91,-8.200000000000003,-0.14700000000000002,-13.400000000000006,-0.5790000000000002,-52.60000000000002,-0.726,-66.0,-81,-31,5.900000000000006,-0.3799999999999999,0.39999999999999947,-4,1,-1,1,2.3999999999999915,-0.3809999999999998,-34.69999999999999,-56,-18,6.1000000000000085,-0.5299999999999998,-0.28000000000000025,-8,-6,6,49,5.700000000000003,-0.5790000000000002,-52.60000000000002,46,-932.759,0.40999999999999925,2,4,0,27.89999999999999,-22,-0.14700000000000002,-0.10999999999999943,-2,-13,1,-13.400000000000006,4,-9,-15,-20,-10,-6,-1.6000000000000014,8,2,-20.0,-13,-31,9,-35,-4,-11,-6.700000000000003,4,4,7.900000000000006,-11,-0.256,0.5500000000000007,-44,-1,-23.200000000000003,-2,-0.07000000000000006,-0.39000000000000057,53,1,-6.3999999999999915,4,118,5.25,-8,51,1,10.7,-10,-163,-4.000000000000001,5,-11,0,-14.899999999999999,-12,-0.7349999999999999,-3.1699999999999946,-6,-8,-1,0,2.980000000000004,1,0.16799999999999993,3.799999999999997,2,-1,-1,0,0.9299999999999997,-3,2,-4,-1,1,-1,0,0,0,0,-0.04166666666666663,0.044736842105263186,-1,0,-22,-13,-2,-8,1,0,-2,-2,0,0,0,-0.04907407407407405,-0.035196687370600444,0,-1,-91
12/22/2025,San Francisco 49ers,Indianapolis Colts,60,7.600000000000001,0.33699999999999997,39.60000000000001,-0.2959999999999998,-4.200000000000017,0.04100000000000037,35.39999999999998,-32,-1.0,-0.14000000000000012,-3.5,-0.20199999999999996,3.5999999999999943,-0.3420000000000001,0.0,-65,-48,-0.7999999999999972,-0.2809999999999997,0.5799999999999992,-4,-6,2,15,5.700000000000003,-0.2959999999999998,-4.200000000000017,-3,-25,-5.400000000000006,-0.0810000000000004,-0.15000000000000036,-6,6,20,121,-15.699999999999989,-0.20199999999999996,3.5999999999999943,-40,0.33699999999999997,1.6400000000000001,13,8,1,39.60000000000001,-24,-0.14000000000000012,-0.15000000000000036,1,-2,0,-3.5,8,-26,2,-16,-26,-18,-4.799999999999997,4,7,22.200000000000003,-2,-2,5,1,3,6,3.5,8,3,-11.700000000000003,6,0.20400000000000018,0.8399999999999999,-17,0,26.19999999999999,6,0.08499999999999996,-1.1900000000000013,-16,0,18.10000000000001,-2,-13,0.47000000000000064,4,-3,0,0.1999999999999993,-7,-201,-9.89,0,-72,-1,-16.4,-8,-0.23399999999999999,4.979999999999997,4,0,-2,0,10.419999999999995,-11,-0.5869999999999997,-1.7399999999999949,7,-5,-3,1,-2.010000000000005,10,13,-4,0,0,1,0,0,0,0,0.0932400932400933,-0.0092592592592593,0,0,60,-6,1,-6,0,-1,0,0,0,0,0,0.038461538461538436,0.10606060606060608,3,-1,-32
12/25/2025,Dallas Cowboys,Washington Commanders,-84,-7.600000000000001,0.19900000000000007,18.0,-0.827,-75.20000000000002,-0.6279999999999997,-57.10000000000002,-18,-1.6000000000000014,0.1359999999999999,12.299999999999997,-0.030999999999999694,-2.8000000000000114,0.10499999999999954,9.5,-99,-85,-5.299999999999997,-0.7909999999999999,-0.16999999999999993,-9,-1,10,36,-9.800000000000011,-0.827,-75.20000000000002,-51,-35,-0.09999999999999432,-0.06499999999999995,1.0299999999999994,-2,0,0,-34,4.6000000000000085,-0.030999999999999694,-2.8000000000000114,19,0.19900000000000007,0.3700000000000001,1,5,0,18.0,23,0.1359999999999999,0.08999999999999986,-3,-13,1,12.299999999999997,5,-51,-5,-51,-5,-7,-3.8999999999999986,1,2,8.5,-13,1,-1,-13,-8,-14,-7.599999999999994,2,2,6.200000000000003,-1,0.15900000000000003,3.9200000000000017,24,0,14.399999999999991,-12,807.815,-2.1000000000000014,-15,0,-34.2,8,141,4.29,-5,71,1,12.8,-4,-130,-5.539999999999999,-3,-10,0,-11.8,0,0.026999999999999913,0.7899999999999991,2,3,4,0,2.8500000000000014,-4,-0.14400000000000013,1.5400000000000063,1,1,-4,-1,-2.8699999999999974,-9,1,-9,0,1,-1,0,0,-1,0,0.02777777777777779,-0.22055137844611528,1,0,-84,-4,-3,-2,0,0,1,0,0,0,0,-0.004179728317659337,-0.030701754385964897,0,-1,-18
12/25/2025,Detroit Lions,Minnesota Vikings,-102,-9.200000000000003,-0.41100000000000003,-37.30000000000001,-0.643,-58.400000000000006,-1.0540000000000003,-95.89999999999998,12,1.0999999999999979,0.29699999999999993,26.999999999999986,-0.2689999999999997,-24.400000000000006,0.028000000000000025,2.5,-18,-43,-9.100000000000001,-0.5529999999999999,-1.2299999999999995,-11,10,16,90,-35.0,-0.643,-58.400000000000006,-44,-13,4.500000000000007,-0.29300000000000015,0.08000000000000007,-7,-6,-5,-24,5.900000000000006,-0.2689999999999997,-24.400000000000006,-59,-0.41100000000000003,-0.4500000000000002,-7,-13,-1,-37.30000000000001,60,0.29699999999999993,0.18999999999999995,2,38,0,26.999999999999986,-13,-34,12,-35,-7,-10,-5.699999999999999,-8,-5,-3.200000000000003,38,-27,-10,1,12,6,1.0999999999999943,-9,-2,22.700000000000003,7,0.17999999999999994,-0.019999999999999574,17,0,16.400000000000006,-6,-0.1519999999999999,0.13000000000000256,-5,0,-13.800000000000011,7,132,3.000000000000001,-5,-22,-1,12.0,1,5,-0.21000000000000085,-1,1,0,0.40000000000000036,4,0.31299999999999994,2.8799999999999955,11,1,-5,0,2.6400000000000006,3,0.18400000000000016,0.8800000000000026,5,0,-7,0,-1.5399999999999991,-17,-7,-11,0,-1,1,1,0,0,0,0.05128205128205132,0.12356979405034318,1,-1,-102,-3,2,-7,0,0,2,0,0,0,0,0.040000000000000036,-0.16330645161290325,1,0,12
12/25/2025,Denver Broncos,Kansas City Chiefs,20,1.8000000000000007,-0.04400000000000004,-4.0,0.492,44.69999999999999,0.44799999999999995,40.69999999999999,9,0.8000000000000007,-972.926,9.099999999999994,0.10499999999999998,9.599999999999994,0.20500000000000007,18.600000000000023,19,25,3.3000000000000043,0.556,1.0699999999999994,0,-1,11,64,7.8999999999999915,0.492,44.69999999999999,-51,7,11.5,-0.1030000000000002,0.6900000000000004,2,0,-27,-208,14.799999999999997,0.10499999999999998,9.599999999999994,9,-0.04400000000000004,-0.28000000000000025,2,22,0,-4.0,-10,-972.926,0.5300000000000002,2,17,0,9.099999999999994,22,27,1,50,-6,2,3.0,15,14,28.299999999999997,17,-9,-17,-9,-26,8,12.399999999999999,6,-1,-22.0,3,-993.852,1.8200000000000003,1,0,13.900000000000006,5,0.01200000000000001,-2.7900000000000027,-32,0,1.1000000000000085,-6,-215,-6.38,-11,-45,0,-19.6,-10,-26,5.289999999999999,-9,25,0,-2.3000000000000007,-28,-1.368,-0.75,-7,-6,-11,0,-1.8000000000000043,-28,-1.443,-1.3599999999999994,-3,-8,2,-1,3.0500000000000043,2,2,0,0,0,0,0,0,0,0,-0.1428571428571429,0.025000000000000022,-2,0,20,5,2,2,0,0,1,0,0,0,0,0.14204545454545459,0.015250544662309351,0,-1,9
12/27/2025,New York Giants,Las Vegas Raiders,-99,-7.0,872.506,-45.0,-0.6040000000000001,-34.5,-1.2240000000000002,-79.60000000000002,-57,-2.6000000000000014,-0.7489999999999999,-53.79999999999998,-0.3330000000000002,-9.5,-1.0820000000000003,-63.39999999999998,-33,2,6.199999999999996,-0.47299999999999986,-0.6500000000000004,-3,5,7,131,-5.799999999999997,-0.6040000000000001,-34.5,-72,-38,2.4000000000000057,-0.3959999999999999,0.29000000000000004,-4,2,-6,-63,-0.6999999999999886,-0.3330000000000002,-9.5,-115,872.506,-0.5899999999999999,-12,-51,-1,-45.0,-8,-0.7489999999999999,-2.26,-3,-19,0,-53.79999999999998,-51,-4,-14,-69,-23,-17,-5.299999999999997,-9,-6,-7.899999999999999,-19,-34,-13,-66,0,4,2.8999999999999986,1,1,2.200000000000003,-7,-0.17699999999999982,0.3299999999999983,8,0,-5.5,-12,956.872,3.370000000000001,25,0,-6.900000000000006,-2,-44,-1.5600000000000005,0,4,0,-2.700000000000001,1,122,6.009999999999999,-7,73,1,12.100000000000001,-1,0.10299999999999976,3.3399999999999963,-5,0,-1,2,-1.2700000000000031,0,-0.20100000000000007,-4.57,-2,0,-3,0,-3.5700000000000003,-15,-12,-3,0,0,0,0,0,0,0,0.09523809523809523,-0.17559523809523814,0,0,-99,-7,-3,-4,0,1,0,-1,0,0,0,0.08571428571428574,0.023809523809523725,-3,1,-57
12/27/2025,Houston Texans,Los Angeles Chargers,3,0.29999999999999716,0.08899999999999997,8.100000000000009,0.17399999999999993,15.800000000000011,0.2629999999999999,23.900000000000034,56,5.100000000000001,0.238,21.599999999999994,0.0020000000000000018,0.20000000000001705,0.23999999999999977,21.80000000000001,-4,7,2.5,0.19099999999999984,0.5599999999999996,3,3,12,17,3.799999999999997,0.17399999999999993,15.800000000000011,-22,-9,1.2000000000000028,-0.0950000000000002,0.11999999999999922,0,-2,-4,-97,3.700000000000003,0.0020000000000000018,0.20000000000001705,-5,0.08899999999999997,0.39999999999999947,0,18,1,8.100000000000009,14,0.238,0.6800000000000006,5,25,1,21.599999999999994,18,4,-8,14,7,20,11.299999999999997,-3,-2,-0.4000000000000057,25,-7,-3,15,-11,-2,1.3999999999999986,8,5,1.7000000000000028,10,-800.941,0.15000000000000213,2,0,23.39999999999999,1,0.1200000000000001,2.0100000000000016,-16,-1,10.900000000000006,-11,-165,-3.42,6,-20,0,-15.0,-10,-54,4.649999999999999,3,-6,0,-4.899999999999999,-14,-0.6580000000000001,0.5900000000000034,-13,-3,-6,0,0.8299999999999983,-18,-0.9529999999999998,-2.299999999999997,-7,-3,1,-1,1.4699999999999989,1,0,3,0,0,0,-2,0,0,0,0.0,0.01967592592592593,0,1,3,5,5,0,-1,0,1,0,0,0,0,-0.02813299232736577,0.23205741626794263,0,0,56
12/27/2025,Baltimore Ravens,Green Bay Packers,-12,-1.1000000000000014,-0.2370000000000001,-21.5,0.504,45.900000000000006,0.26700000000000035,24.299999999999955,-59,-5.300000000000001,-0.23199999999999998,-21.0,-0.5249999999999999,-47.69999999999999,-0.7570000000000001,-68.80000000000001,49,36,1.0,0.4209999999999998,0.15000000000000036,0,-4,-14,-83,5.099999999999994,0.504,45.900000000000006,-22,-4,2.6999999999999957,-0.48699999999999966,-0.9199999999999999,-3,-1,11,38,-2.799999999999997,-0.5249999999999999,-47.69999999999999,12,-0.2370000000000001,-0.9299999999999997,1,-2,0,-21.5,-18,-0.23199999999999998,-0.5500000000000003,-3,-9,0,-21.0,-2,26,1,25,7,18,11.099999999999994,-3,0,11.399999999999999,-9,-18,7,-20,-5,-2,-0.10000000000000142,-2,-1,0.5999999999999943,-16,883.675,-0.6900000000000013,-7,0,-40.0,-8,-0.21700000000000008,-0.25,1,0,-19.799999999999997,12,-36,-8.71,0,-15,0,-3.1999999999999993,1,71,3.7399999999999993,4,-11,0,6.5,-3,-0.18799999999999994,-0.9600000000000009,-9,1,-6,0,-4.009999999999998,7,0.41600000000000015,2.3100000000000023,1,2,3,-1,4.600000000000001,0,1,0,0,0,0,-1,0,0,0,-0.0714285714285714,-0.16666666666666663,1,0,-12,-7,-3,-3,0,0,-1,0,0,0,0,-0.11111111111111116,-0.0032467532467531646,2,0,-59
12/27/2025,Seattle Seahawks,Carolina Panthers,-108,-11.5,0.18900000000000006,6.0,-0.5129999999999999,-63.5,-0.3240000000000003,-57.400000000000034,52,2.6999999999999993,-997.609,25.10000000000001,0.22199999999999998,1.0,0.6139999999999999,26.100000000000023,78,31,-6.0,-0.3759999999999999,-2.8899999999999997,-3,-1,17,137,-19.799999999999997,-0.5129999999999999,-63.5,-42,-19,2.0,0.07399999999999984,0.8999999999999995,-2,1,-20,-148,3.0,0.22199999999999998,1.0,3,0.18900000000000006,0.54,-6,2,0,6.0,58,-997.609,0.5400000000000005,7,26,0,25.10000000000001,2,9,-3,8,20,3,-3.3000000000000043,19,13,4.200000000000003,26,-3,-13,10,-9,10,8.899999999999999,-12,-5,10.300000000000004,6,79.0,-1.9199999999999982,-15,0,-0.3999999999999915,-13,879.753,-1.6000000000000014,10,0,-40.0,-4,-189,-7.779999999999999,-4,-80,-1,-18.0,6,45,-2.1799999999999997,-1,-3,0,1.8999999999999986,8,0.3320000000000001,-1.6000000000000014,8,0,6,0,-0.990000000000002,-11,-0.48099999999999987,1.1199999999999974,-2,-3,-1,-1,6.3600000000000065,-12,-6,-3,0,-1,1,-2,0,0,0,-0.1578947368421053,-0.00940438871473348,1,0,-108,5,7,-2,0,0,0,0,0,0,0,0.01666666666666672,0.09178743961352653,-3,0,52
12/27/2025,Arizona Cardinals,Cincinnati Bengals,0,0.0,932.888,-16.19999999999999,-0.10499999999999998,-9.5,-0.2829999999999999,-25.69999999999999,77,7.0000000000000036,0.45999999999999996,41.8,0.40700000000000003,37.0,0.867,78.80000000000001,-14,-30,-5.0,-0.2509999999999999,-0.3799999999999999,4,6,-16,-146,-8.299999999999997,-0.10499999999999998,-9.5,0,9,2.5,0.33699999999999974,0.9100000000000001,10,0,-7,-70,14.700000000000003,0.40700000000000003,37.0,-47,932.888,0.10000000000000053,-4,-4,0,-16.19999999999999,49,0.45999999999999996,0.7299999999999995,1,16,1,41.8,-4,-15,4,-15,-18,-13,-3.8000000000000043,-6,0,26.200000000000003,16,11,-5,22,13,21,11.600000000000001,-3,2,23.099999999999994,7,0.20999999999999996,0.6199999999999974,59,1,19.0,2,-0.007000000000000117,-1.3999999999999986,-61,0,-0.6000000000000085,-2,-71,-3.9499999999999993,9,-17,0,-6.5,8,100,0.9000000000000004,-9,-14,0,9.099999999999998,6,0.46099999999999985,3.6799999999999997,5,6,1,-1,0.6599999999999966,2,-0.018999999999999906,-3.8599999999999994,5,0,4,0,-0.990000000000002,0,-4,4,1,0,1,-2,0,0,0,0.0,0.04047619047619044,1,-1,0,12,1,10,0,0,3,-1,0,-1,0,0.08214285714285707,0.015873015873015928,2,1,77
12/28/2025,New Orleans Saints,Tennessee Titans,2,0.1999999999999993,851.993,-14.0,-0.3899999999999999,-35.5,-0.544,-49.400000000000006,29,2.6000000000000014,0.10200000000000009,9.300000000000011,0.29899999999999993,27.19999999999999,0.40100000000000025,36.39999999999998,-14,-34,-6.600000000000001,-0.2240000000000002,-0.35999999999999943,-4,-3,17,166,-7.299999999999997,-0.3899999999999999,-35.5,25,22,1.5,0.3280000000000003,0.4299999999999997,-3,-1,3,29,0.29999999999999716,0.29899999999999993,27.19999999999999,-55,851.993,0.19999999999999973,1,-20,0,-14.0,-36,0.10200000000000009,0.7999999999999994,7,-4,-2,9.300000000000011,-20,0,-12,-32,3,-10,-7.5,-4,1,11.600000000000001,-4,4,0,0,3,5,2.8999999999999986,-1,1,11.400000000000006,7,0.20399999999999996,0.5499999999999972,-4,0,18.5,-4,-200.0,-3.120000000000001,-21,0,-18.199999999999996,-2,139,12.2,6,50,2,12.6,9,45,-2.629999999999999,7,-70,-1,4.0,14,0.7390000000000003,2.4199999999999946,4,1,2,-1,4.009999999999998,6,0.31400000000000006,1.019999999999996,-2,2,3,0,-2.8200000000000003,-1,1,-4,0,2,0,0,0,0,0,-0.06666666666666665,0.11538461538461542,0,0,2,4,7,-3,0,-1,0,1,0,0,0,0.03955375253549698,0.045454545454545414,-2,0,29
12/28/2025,Jacksonville Jaguars,Indianapolis Colts,74,6.699999999999999,0.11799999999999988,10.700000000000017,0.4660000000000002,42.39999999999998,0.5840000000000001,53.10000000000002,-21,-1.8999999999999986,-920.929,13.600000000000009,0.05899999999999972,5.400000000000006,0.20800000000000018,18.899999999999977,-13,23,8.700000000000003,0.44200000000000017,1.4899999999999993,3,-4,-8,-24,20.89999999999999,0.4660000000000002,42.39999999999998,5,8,1.2000000000000028,0.11699999999999999,0.1899999999999995,-6,-2,12,58,-1.0,0.05899999999999972,5.400000000000006,-30,0.11799999999999988,0.8499999999999996,8,4,1,10.700000000000017,29,-920.929,0.14000000000000012,2,21,0,13.600000000000009,4,21,-5,20,-17,0,5.0,-3,3,22.700000000000003,21,0,-2,19,-1,1,1.1000000000000014,4,4,11.200000000000003,6,-964.783,2.150000000000002,27,0,22.799999999999997,19,0.3700000000000001,-2.460000000000001,-16,0,33.70000000000002,-2,-137,-6.420000000000002,1,-63,-2,-12.500000000000002,-5,-23,0.03000000000000025,4,-1,0,-2.1000000000000005,-12,-0.502,2.5799999999999983,-3,-3,0,0,3.960000000000001,-10,-0.5369999999999999,-1.6999999999999957,0,2,-7,1,-2.1700000000000017,9,8,3,0,-2,0,0,0,0,0,-0.024891774891774854,0.0984848484848484,2,0,74,-6,2,-6,0,0,0,-2,0,0,0,0.040000000000000036,-0.08441558441558439,1,0,-21
12/28/2025,Tampa Bay Buccaneers,Miami Dolphins,-33,-3.0,0.018000000000000016,1.5999999999999943,-0.22899999999999965,-20.900000000000006,-0.2110000000000003,-19.100000000000023,-15,-1.3000000000000007,0.4949999999999999,45.0,-0.3999999999999999,-36.30000000000001,0.09499999999999975,8.600000000000023,-44,-8,5.900000000000006,-0.2519999999999998,0.1200000000000001,-1,8,-1,-23,-4.400000000000006,-0.22899999999999965,-20.900000000000006,-58,-17,6.800000000000011,-0.46999999999999975,-0.07000000000000028,-1,-7,-6,-70,14.5,-0.3999999999999999,-36.30000000000001,-33,0.018000000000000016,0.5999999999999996,-2,-10,0,1.5999999999999943,57,0.4949999999999999,0.8200000000000003,-2,27,2,45.0,-10,5,-14,-19,-21,-10,-1.4000000000000057,-1,1,7.899999999999999,27,-17,8,18,-2,2,2.0,-6,2,26.400000000000006,3,0.1439999999999999,1.5299999999999976,19,0,13.099999999999994,-6,-0.2390000000000001,-1.6600000000000001,29,1,-21.799999999999997,-3,-8,2.0700000000000003,-5,20,1,-0.8000000000000007,0,-49,-3.500000000000001,-5,-35,0,-4.5,-10,-0.32000000000000006,3.8900000000000006,2,-3,-2,-2,7.350000000000001,-5,-0.13600000000000012,3.1099999999999994,5,1,0,0,1.5799999999999983,-4,-2,-1,0,1,-2,0,0,0,0,0.0037878787878787845,0.06140350877192979,0,-1,-33,-4,-2,-1,1,0,0,0,-1,-1,0,-0.07407407407407407,0.027459954233409634,2,0,-15
12/28/2025,New England Patriots,New York Jets,-99,-6.600000000000001,0.14500000000000002,23.400000000000006,-1.3670000000000002,-101.80000000000001,-1.222,-78.39999999999998,65,7.699999999999999,0.355,40.2,-0.43100000000000005,-19.80000000000001,-0.07600000000000007,20.400000000000034,-54,-64,-8.500000000000007,-1.2779999999999998,-2.6500000000000004,-9,-1,2,89,-24.400000000000006,-1.3670000000000002,-101.80000000000001,-71,-57,-3.1000000000000014,-0.45500000000000007,0.11000000000000032,-2,-8,-6,-24,7.900000000000006,-0.43100000000000005,-19.80000000000001,-39,0.14500000000000002,0.9599999999999995,-5,3,0,23.400000000000006,74,0.355,0.16999999999999993,8,8,0,40.2,3,-53,-6,-56,-2,-9,-5.799999999999997,5,-3,-31.0,8,-14,4,-2,7,3,0.29999999999999716,-6,3,40.10000000000001,17,0.635,3.5,9,0,65.7,-12,-0.19300000000000006,2.5,11,0,-8.5,12,106,-2.4799999999999986,-6,-13,0,11.399999999999999,-6,-150,-5.710000000000001,6,-59,-1,-11.8,5,0.19599999999999995,-0.9299999999999997,-9,0,3,0,3.2900000000000063,1,0.3039999999999998,5.32,10,-3,-4,0,4.520000000000003,-15,-5,-9,0,0,-1,-1,1,0,0,0.05714285714285716,0.09523809523809523,3,0,-99,5,8,-2,0,-1,0,0,0,0,0,0.05107526881720437,0.08382066276803124,0,0,65
12/28/2025,Pittsburgh Steelers,Cleveland Browns,-88,-8.0,-0.02400000000000002,-2.1999999999999886,-0.347,-31.599999999999994,-0.371,-33.69999999999999,-19,-1.6999999999999993,-0.038000000000000034,-3.4000000000000057,-0.9680000000000002,-88.0,-1.0060000000000002,-91.5,42,-13,-10.899999999999999,-0.2709999999999999,-1.46,-11,2,9,76,-28.200000000000003,-0.347,-31.599999999999994,-128,-79,1.0999999999999943,-0.895,0.02999999999999936,-2,0,8,73,1.4000000000000057,-0.9680000000000002,-88.0,9,-0.02400000000000002,-0.2200000000000002,1,-5,0,-2.1999999999999886,16,-0.038000000000000034,-0.35000000000000053,-3,-29,0,-3.4000000000000057,-5,-15,4,-16,30,-2,-9.000000000000004,10,6,6.899999999999999,-29,-35,-1,-65,-12,-17,-8.200000000000003,-16,-14,-23.099999999999994,3,0.07900000000000018,0.14999999999999858,-3,0,7.200000000000003,-17,-0.33499999999999996,2.549999999999997,59,1,-30.5,4,44,0.3000000000000007,8,27,0,4.0,10,225,5.4799999999999995,-2,52,2,20.5,25,1.108,-0.8099999999999952,0,7,5,1,-5.399999999999999,17,0.8480000000000001,0.46999999999999886,10,1,7,0,1.490000000000002,-11,1,-11,0,0,1,-2,0,0,0,-0.052631578947368474,-0.021531100478468956,-1,0,-88,-2,-3,-2,1,2,0,1,0,0,0,0.0,-0.012820512820512775,-2,0,-19
12/28/2025,Philadelphia Eagles,Buffalo Bills,56,5.100000000000001,0.4039999999999999,36.69999999999999,0.45599999999999996,41.400000000000006,0.8600000000000003,78.19999999999999,27,2.3999999999999986,0.3719999999999999,33.80000000000001,-0.625,-56.80000000000001,-0.2530000000000001,-23.0,25,24,2.200000000000003,0.4790000000000001,0.8800000000000008,1,8,1,23,-4.799999999999997,0.45599999999999996,41.400000000000006,-75,-32,3.6000000000000014,-0.577,-0.20000000000000018,1,0,4,48,3.799999999999997,-0.625,-56.80000000000001,15,0.4039999999999999,1.0600000000000005,8,10,0,36.69999999999999,12,0.3719999999999999,1.04,5,8,0,33.80000000000001,10,29,8,47,-2,11,8.699999999999996,-2,-3,-11.400000000000006,8,-14,-7,-13,-11,-8,-2.700000000000003,-7,3,39.2,4,-980.686,5.190000000000001,56,1,30.200000000000003,10,0.381,2.6899999999999977,16,0,34.60000000000001,11,-1,-5.27,-9,-3,0,-0.09999999999999964,-15,-207,-3.24,3,-33,0,-18.8,-17,-1.041,-5.539999999999999,-9,-5,0,0,-0.3999999999999986,8,0.44799999999999995,1.7199999999999989,4,2,4,-1,2.789999999999999,7,8,1,1,0,-1,0,-1,-1,0,-0.05882352941176472,0.09663865546218486,0,0,56,6,5,1,0,0,0,0,0,0,0,-0.029090909090909056,0.09230769230769231,0,-1,27
12/28/2025,Chicago Bears,San Francisco 49ers,-8,-2.900000000000002,-0.375,-43.10000000000001,0.492,22.0,0.11699999999999999,-21.0,-31,-4.699999999999999,-0.30799999999999983,-37.19999999999999,0.4289999999999998,17.100000000000023,0.121,-20.100000000000023,54,74,10.0,0.5129999999999999,0.2999999999999998,4,9,2,21,2.3999999999999915,0.492,22.0,85,62,0.9000000000000057,0.39200000000000035,-0.5999999999999996,0,-11,-10,-37,8.699999999999989,0.4289999999999998,17.100000000000023,6,-0.375,-1.2200000000000002,-4,-8,0,-43.10000000000001,-1,-0.30799999999999983,-1.0299999999999994,-3,-5,0,-37.19999999999999,-8,43,2,37,4,8,4.199999999999996,2,3,12.099999999999994,-5,25,-2,18,19,11,3.0,-6,-1,16.700000000000003,-12,-0.2360000000000002,2.120000000000001,42,0,-29.099999999999994,4,0.017000000000000126,-1.759999999999998,-44,-1,-8.799999999999997,3,32,0.08000000000000007,-5,5,0,1.5,-1,2,0.9199999999999999,6,44,1,-1.6999999999999993,-6,-0.4059999999999999,-3.509999999999998,-14,-4,4,0,-2.759999999999998,11,0.6179999999999999,2.710000000000001,-1,6,9,0,0.5500000000000043,-1,-4,4,0,0,-1,0,0,0,0,-0.15384615384615385,0.09259259259259256,2,0,-8,-4,-3,0,-1,1,0,-1,0,0,0,-0.038461538461538436,-0.08333333333333337,-3,1,-31
12/29/2025,Los Angeles Rams,Atlanta Falcons,-87,-7.900000000000002,0.1100000000000001,10.0,-0.42500000000000027,-38.70000000000002,-0.3150000000000004,-28.69999999999999,70,6.300000000000001,0.3340000000000001,30.39999999999999,-0.1990000000000003,-18.099999999999994,0.1349999999999998,12.300000000000011,-23,-34,-5.299999999999997,-0.399,-0.6400000000000006,-19,2,2,26,-26.0,-0.42500000000000027,-38.70000000000002,-70,-42,0.7999999999999972,-0.16199999999999992,0.8500000000000005,4,-3,8,37,11.799999999999997,-0.1990000000000003,-18.099999999999994,9,0.1100000000000001,0.23999999999999932,4,0,1,10.0,32,0.3340000000000001,0.6499999999999995,4,12,0,30.39999999999999,0,-31,-6,-37,9,-4,-5.699999999999996,0,-4,-21.000000000000007,12,-4,-8,0,-12,0,3.1000000000000014,-10,-3,8.299999999999997,20,-755.861,-2.0900000000000034,13,0,34.7,10,-525.922,9.55,37,0,50.1,-5,-49,-0.6799999999999997,0,-3,0,-4.4,7,-49,-6.749999999999999,4,19,0,-4.499999999999998,8,0.31899999999999995,-1.1299999999999955,-7,0,2,0,1.240000000000002,-4,-0.2230000000000001,-0.9199999999999946,-2,-1,3,0,0.490000000000002,-16,4,-19,0,0,-1,0,0,0,0,0.0293040293040292,0.12020460358056262,2,0,-87,9,4,4,0,0,2,0,-1,0,0,-0.024242424242424288,-0.0647619047619048,2,0,70
